[{"model": "admin.logentry", "pk": 1, "fields": {"action_time": "2025-07-26T20:39:06.486Z", "user": 1, "content_type": 7, "object_id": "1", "object_repr": "Брючные крючки", "action_flag": 1, "change_message": "[{\"added\": {}}]"}}, {"model": "admin.logentry", "pk": 2, "fields": {"action_time": "2025-07-26T20:42:05.472Z", "user": 1, "content_type": 7, "object_id": "2", "object_repr": "Набор насадок", "action_flag": 1, "change_message": "[{\"added\": {}}]"}}, {"model": "admin.logentry", "pk": 3, "fields": {"action_time": "2025-07-26T20:45:25.975Z", "user": 1, "content_type": 7, "object_id": "3", "object_repr": "Ручные прессы", "action_flag": 1, "change_message": "[{\"added\": {}}]"}}, {"model": "admin.logentry", "pk": 4, "fields": {"action_time": "2025-07-27T07:51:23.284Z", "user": 1, "content_type": 12, "object_id": "1", "object_repr": "Брючные крючки", "action_flag": 1, "change_message": "[{\"added\": {}}]"}}, {"model": "admin.logentry", "pk": 5, "fields": {"action_time": "2025-07-27T07:52:02.507Z", "user": 1, "content_type": 12, "object_id": "2", "object_repr": "Набор насадок", "action_flag": 1, "change_message": "[{\"added\": {}}]"}}, {"model": "admin.logentry", "pk": 6, "fields": {"action_time": "2025-07-27T07:53:57.012Z", "user": 1, "content_type": 12, "object_id": "3", "object_repr": "Ручные прессы", "action_flag": 1, "change_message": "[{\"added\": {}}]"}}, {"model": "admin.logentry", "pk": 7, "fields": {"action_time": "2025-07-28T17:52:56.590Z", "user": 1, "content_type": 15, "object_id": "1", "object_repr": "Крючок брючный на прокол 10 мм", "action_flag": 1, "change_message": "[{\"added\": {}}]"}}, {"model": "admin.logentry", "pk": 8, "fields": {"action_time": "2025-07-28T17:54:52.039Z", "user": 1, "content_type": 15, "object_id": "2", "object_repr": "Крючок брючный на прокол 10 мм", "action_flag": 1, "change_message": "[{\"added\": {}}]"}}, {"model": "admin.logentry", "pk": 9, "fields": {"action_time": "2025-07-28T17:55:43.896Z", "user": 1, "content_type": 15, "object_id": "3", "object_repr": "Крючок брючный на прокол 10 мм", "action_flag": 1, "change_message": "[{\"added\": {}}]"}}, {"model": "admin.logentry", "pk": 10, "fields": {"action_time": "2025-07-28T17:58:02.149Z", "user": 1, "content_type": 15, "object_id": "4", "object_repr": "Комплект насадок для установки крючка брючного", "action_flag": 1, "change_message": "[{\"added\": {}}]"}}, {"model": "admin.logentry", "pk": 11, "fields": {"action_time": "2025-07-28T17:59:26.900Z", "user": 1, "content_type": 15, "object_id": "5", "object_repr": "Комплект насадок для установки крючка брючного", "action_flag": 1, "change_message": "[{\"added\": {}}]"}}, {"model": "admin.logentry", "pk": 12, "fields": {"action_time": "2025-07-28T18:00:08.588Z", "user": 1, "content_type": 15, "object_id": "6", "object_repr": "Пресс DEP-2 универсальный с ударным механизмом", "action_flag": 1, "change_message": "[{\"added\": {}}]"}}, {"model": "admin.logentry", "pk": 13, "fields": {"action_time": "2025-07-28T18:00:36.532Z", "user": 1, "content_type": 15, "object_id": "7", "object_repr": "Пресс TEP-2 Mikron", "action_flag": 1, "change_message": "[{\"added\": {}}]"}}, {"model": "admin.logentry", "pk": 14, "fields": {"action_time": "2025-07-29T10:34:09.692Z", "user": 1, "content_type": 15, "object_id": "1", "object_repr": "Крючок брючный на прокол 10 мм", "action_flag": 2, "change_message": "[{\"changed\": {\"fields\": [\"\\u0412 \\u043d\\u0430\\u043b\\u0438\\u0447\\u0438\\u0438\"]}}]"}}, {"model": "admin.logentry", "pk": 15, "fields": {"action_time": "2025-07-29T12:14:35.606Z", "user": 1, "content_type": 15, "object_id": "1", "object_repr": "Крючок брючный на прокол 10 мм", "action_flag": 2, "change_message": "[{\"changed\": {\"fields\": [\"\\u041e\\u043f\\u0438\\u0441\\u0430\\u043d\\u0438\\u0435\"]}}]"}}, {"model": "admin.logentry", "pk": 16, "fields": {"action_time": "2025-07-29T12:14:43.796Z", "user": 1, "content_type": 15, "object_id": "2", "object_repr": "Крючок брючный на прокол 10 мм", "action_flag": 2, "change_message": "[{\"changed\": {\"fields\": [\"\\u041e\\u043f\\u0438\\u0441\\u0430\\u043d\\u0438\\u0435\"]}}]"}}, {"model": "admin.logentry", "pk": 17, "fields": {"action_time": "2025-07-29T12:14:51.757Z", "user": 1, "content_type": 15, "object_id": "3", "object_repr": "Крючок брючный на прокол 10 мм", "action_flag": 2, "change_message": "[{\"changed\": {\"fields\": [\"\\u041e\\u043f\\u0438\\u0441\\u0430\\u043d\\u0438\\u0435\"]}}]"}}, {"model": "admin.logentry", "pk": 18, "fields": {"action_time": "2025-07-29T17:39:46.994Z", "user": 1, "content_type": 15, "object_id": "3", "object_repr": "Крючок брючный на прокол 10 мм", "action_flag": 2, "change_message": "[{\"changed\": {\"fields\": [\"\\u041e\\u043f\\u0438\\u0441\\u0430\\u043d\\u0438\\u0435\"]}}]"}}, {"model": "admin.logentry", "pk": 19, "fields": {"action_time": "2025-07-31T19:15:45.091Z", "user": 1, "content_type": 15, "object_id": "7", "object_repr": "Пресс TEP-2 Mikron", "action_flag": 2, "change_message": "[{\"changed\": {\"fields\": [\"\\u041e\\u043f\\u0438\\u0441\\u0430\\u043d\\u0438\\u0435\", \"\\u041e\\u0441\\u043d\\u043e\\u0432\\u043d\\u043e\\u0435 \\u0438\\u0437\\u043e\\u0431\\u0440\\u0430\\u0436\\u0435\\u043d\\u0438\\u0435\"]}}]"}}, {"model": "admin.logentry", "pk": 20, "fields": {"action_time": "2025-07-31T19:16:21.821Z", "user": 1, "content_type": 15, "object_id": "6", "object_repr": "Пресс DEP-2 универсальный с ударным механизмом", "action_flag": 2, "change_message": "[{\"changed\": {\"fields\": [\"\\u041e\\u043f\\u0438\\u0441\\u0430\\u043d\\u0438\\u0435\", \"\\u041e\\u0441\\u043d\\u043e\\u0432\\u043d\\u043e\\u0435 \\u0438\\u0437\\u043e\\u0431\\u0440\\u0430\\u0436\\u0435\\u043d\\u0438\\u0435\"]}}]"}}, {"model": "admin.logentry", "pk": 21, "fields": {"action_time": "2025-07-31T19:18:04.185Z", "user": 1, "content_type": 15, "object_id": "4", "object_repr": "Комплект насадок для установки крючка брючного", "action_flag": 2, "change_message": "[{\"changed\": {\"fields\": [\"\\u0410\\u0440\\u0442\\u0438\\u043a\\u0443\\u043b\", \"\\u041e\\u043f\\u0438\\u0441\\u0430\\u043d\\u0438\\u0435\", \"\\u041e\\u0441\\u043d\\u043e\\u0432\\u043d\\u043e\\u0435 \\u0438\\u0437\\u043e\\u0431\\u0440\\u0430\\u0436\\u0435\\u043d\\u0438\\u0435\"]}}]"}}, {"model": "admin.logentry", "pk": 22, "fields": {"action_time": "2025-07-31T19:19:34.817Z", "user": 1, "content_type": 15, "object_id": "1", "object_repr": "Крючок брючный на прокол 10 мм", "action_flag": 2, "change_message": "[{\"changed\": {\"fields\": [\"\\u041e\\u043f\\u0438\\u0441\\u0430\\u043d\\u0438\\u0435\", \"\\u041e\\u0441\\u043d\\u043e\\u0432\\u043d\\u043e\\u0435 \\u0438\\u0437\\u043e\\u0431\\u0440\\u0430\\u0436\\u0435\\u043d\\u0438\\u0435\"]}}]"}}, {"model": "admin.logentry", "pk": 23, "fields": {"action_time": "2025-07-31T19:19:59.159Z", "user": 1, "content_type": 15, "object_id": "2", "object_repr": "Крючок брючный на прокол 10 мм", "action_flag": 2, "change_message": "[{\"changed\": {\"fields\": [\"\\u041e\\u043f\\u0438\\u0441\\u0430\\u043d\\u0438\\u0435\", \"\\u041e\\u0441\\u043d\\u043e\\u0432\\u043d\\u043e\\u0435 \\u0438\\u0437\\u043e\\u0431\\u0440\\u0430\\u0436\\u0435\\u043d\\u0438\\u0435\"]}}]"}}, {"model": "admin.logentry", "pk": 24, "fields": {"action_time": "2025-07-31T19:20:05.138Z", "user": 1, "content_type": 15, "object_id": "1", "object_repr": "Крючок брючный на прокол 10 мм", "action_flag": 2, "change_message": "[]"}}, {"model": "admin.logentry", "pk": 25, "fields": {"action_time": "2025-07-31T19:20:07.607Z", "user": 1, "content_type": 15, "object_id": "2", "object_repr": "Крючок брючный на прокол 10 мм", "action_flag": 2, "change_message": "[]"}}, {"model": "admin.logentry", "pk": 26, "fields": {"action_time": "2025-07-31T19:20:29.106Z", "user": 1, "content_type": 15, "object_id": "3", "object_repr": "Крючок брючный на прокол 10 мм", "action_flag": 2, "change_message": "[{\"changed\": {\"fields\": [\"\\u041e\\u043f\\u0438\\u0441\\u0430\\u043d\\u0438\\u0435\", \"\\u041e\\u0441\\u043d\\u043e\\u0432\\u043d\\u043e\\u0435 \\u0438\\u0437\\u043e\\u0431\\u0440\\u0430\\u0436\\u0435\\u043d\\u0438\\u0435\"]}}]"}}, {"model": "admin.logentry", "pk": 27, "fields": {"action_time": "2025-07-31T19:21:36.907Z", "user": 1, "content_type": 15, "object_id": "8", "object_repr": "Крючок брючный на прокол 10 мм", "action_flag": 1, "change_message": "[{\"added\": {}}]"}}, {"model": "admin.logentry", "pk": 28, "fields": {"action_time": "2025-08-05T10:36:25.123Z", "user": 1, "content_type": 15, "object_id": "8", "object_repr": "Крючок брючный на прокол 10 мм", "action_flag": 2, "change_message": "[{\"changed\": {\"fields\": [\"\\u0422\\u043e\\u043b\\u044c\\u043a\\u043e \\u043e\\u043f\\u0442\\u043e\\u043c (\\u0443\\u043f\\u0430\\u043a\\u043e\\u0432\\u043a\\u043e\\u0439 \\u043f\\u043e X )\"]}}]"}}, {"model": "admin.logentry", "pk": 29, "fields": {"action_time": "2025-08-05T10:36:28.949Z", "user": 1, "content_type": 15, "object_id": "3", "object_repr": "Крючок брючный на прокол 10 мм", "action_flag": 2, "change_message": "[{\"changed\": {\"fields\": [\"\\u0422\\u043e\\u043b\\u044c\\u043a\\u043e \\u043e\\u043f\\u0442\\u043e\\u043c (\\u0443\\u043f\\u0430\\u043a\\u043e\\u0432\\u043a\\u043e\\u0439 \\u043f\\u043e X )\"]}}]"}}, {"model": "admin.logentry", "pk": 30, "fields": {"action_time": "2025-08-05T10:36:31.663Z", "user": 1, "content_type": 15, "object_id": "2", "object_repr": "Крючок брючный на прокол 10 мм", "action_flag": 2, "change_message": "[{\"changed\": {\"fields\": [\"\\u0422\\u043e\\u043b\\u044c\\u043a\\u043e \\u043e\\u043f\\u0442\\u043e\\u043c (\\u0443\\u043f\\u0430\\u043a\\u043e\\u0432\\u043a\\u043e\\u0439 \\u043f\\u043e X )\"]}}]"}}, {"model": "admin.logentry", "pk": 31, "fields": {"action_time": "2025-08-05T10:36:35.389Z", "user": 1, "content_type": 15, "object_id": "1", "object_repr": "Крючок брючный на прокол 10 мм", "action_flag": 2, "change_message": "[{\"changed\": {\"fields\": [\"\\u0422\\u043e\\u043b\\u044c\\u043a\\u043e \\u043e\\u043f\\u0442\\u043e\\u043c (\\u0443\\u043f\\u0430\\u043a\\u043e\\u0432\\u043a\\u043e\\u0439 \\u043f\\u043e X )\"]}}]"}}, {"model": "admin.logentry", "pk": 32, "fields": {"action_time": "2025-08-05T10:40:05.199Z", "user": 1, "content_type": 15, "object_id": "8", "object_repr": "Крючок брючный на прокол 10 мм", "action_flag": 2, "change_message": "[{\"changed\": {\"fields\": [\"\\u041e\\u043f\\u0438\\u0441\\u0430\\u043d\\u0438\\u0435\"]}}]"}}, {"model": "admin.logentry", "pk": 33, "fields": {"action_time": "2025-08-05T10:40:18.525Z", "user": 1, "content_type": 15, "object_id": "3", "object_repr": "Крючок брючный на прокол 10 мм", "action_flag": 2, "change_message": "[{\"changed\": {\"fields\": [\"\\u041e\\u043f\\u0438\\u0441\\u0430\\u043d\\u0438\\u0435\"]}}]"}}, {"model": "admin.logentry", "pk": 34, "fields": {"action_time": "2025-08-05T10:40:47.024Z", "user": 1, "content_type": 15, "object_id": "2", "object_repr": "Крючок брючный на прокол 10 мм", "action_flag": 2, "change_message": "[{\"changed\": {\"fields\": [\"\\u041e\\u043f\\u0438\\u0441\\u0430\\u043d\\u0438\\u0435\"]}}]"}}, {"model": "admin.logentry", "pk": 35, "fields": {"action_time": "2025-08-05T10:41:05.203Z", "user": 1, "content_type": 15, "object_id": "1", "object_repr": "Крючок брючный на прокол 10 мм", "action_flag": 2, "change_message": "[{\"changed\": {\"fields\": [\"\\u041e\\u043f\\u0438\\u0441\\u0430\\u043d\\u0438\\u0435\"]}}]"}}, {"model": "admin.logentry", "pk": 36, "fields": {"action_time": "2025-08-05T11:12:11.512Z", "user": 1, "content_type": 15, "object_id": "4", "object_repr": "Комплект насадок на пневматические прессы марки Gutos D-75245", "action_flag": 2, "change_message": "[{\"changed\": {\"fields\": [\"\\u041d\\u0430\\u0437\\u0432\\u0430\\u043d\\u0438\\u0435\", \"\\u041e\\u043f\\u0438\\u0441\\u0430\\u043d\\u0438\\u0435\"]}}]"}}, {"model": "admin.logentry", "pk": 37, "fields": {"action_time": "2025-08-05T11:13:23.307Z", "user": 1, "content_type": 15, "object_id": "5", "object_repr": "Комплект насадок для установки крючка брючного", "action_flag": 2, "change_message": "[{\"changed\": {\"fields\": [\"\\u041e\\u0441\\u043d\\u043e\\u0432\\u043d\\u043e\\u0435 \\u0438\\u0437\\u043e\\u0431\\u0440\\u0430\\u0436\\u0435\\u043d\\u0438\\u0435\"]}}]"}}, {"model": "admin.logentry", "pk": 38, "fields": {"action_time": "2025-08-05T11:27:42.086Z", "user": 1, "content_type": 15, "object_id": "4", "object_repr": "Комплект насадок на пневматические прессы марки Gutos D-75245", "action_flag": 2, "change_message": "[{\"changed\": {\"fields\": [\"\\u041e\\u043f\\u0438\\u0441\\u0430\\u043d\\u0438\\u0435\"]}}]"}}, {"model": "admin.logentry", "pk": 39, "fields": {"action_time": "2025-08-05T11:28:12.933Z", "user": 1, "content_type": 15, "object_id": "5", "object_repr": "Комплект насадок для установки крючка брючного", "action_flag": 2, "change_message": "[{\"changed\": {\"fields\": [\"\\u041e\\u043f\\u0438\\u0441\\u0430\\u043d\\u0438\\u0435\"]}}]"}}, {"model": "admin.logentry", "pk": 40, "fields": {"action_time": "2025-08-05T11:28:51.996Z", "user": 1, "content_type": 15, "object_id": "5", "object_repr": "Комплект насадок для установки крючка брючного", "action_flag": 2, "change_message": "[{\"changed\": {\"fields\": [\"\\u041e\\u043f\\u0438\\u0441\\u0430\\u043d\\u0438\\u0435\"]}}]"}}, {"model": "admin.logentry", "pk": 41, "fields": {"action_time": "2025-08-05T11:42:37.199Z", "user": 1, "content_type": 15, "object_id": "8", "object_repr": "Крючок брючный на прокол 10 мм", "action_flag": 2, "change_message": "[]"}}, {"model": "admin.logentry", "pk": 42, "fields": {"action_time": "2025-08-05T11:42:41.000Z", "user": 1, "content_type": 15, "object_id": "7", "object_repr": "Пресс TEP-2 Mikron", "action_flag": 2, "change_message": "[]"}}, {"model": "admin.logentry", "pk": 43, "fields": {"action_time": "2025-08-05T11:42:43.854Z", "user": 1, "content_type": 15, "object_id": "6", "object_repr": "Пресс DEP-2 универсальный с ударным механизмом", "action_flag": 2, "change_message": "[]"}}, {"model": "admin.logentry", "pk": 44, "fields": {"action_time": "2025-08-05T11:42:47.463Z", "user": 1, "content_type": 15, "object_id": "5", "object_repr": "Комплект насадок для установки крючка брючного", "action_flag": 2, "change_message": "[{\"changed\": {\"fields\": [\"\\u0415\\u0434\\u0438\\u043d\\u0438\\u0446\\u0430 \\u0438\\u0437\\u043c\\u0435\\u0440\\u0435\\u043d\\u0438\\u044f\"]}}]"}}, {"model": "admin.logentry", "pk": 45, "fields": {"action_time": "2025-08-05T11:42:50.773Z", "user": 1, "content_type": 15, "object_id": "4", "object_repr": "Комплект насадок на пневматические прессы марки Gutos D-75245", "action_flag": 2, "change_message": "[{\"changed\": {\"fields\": [\"\\u0415\\u0434\\u0438\\u043d\\u0438\\u0446\\u0430 \\u0438\\u0437\\u043c\\u0435\\u0440\\u0435\\u043d\\u0438\\u044f\"]}}]"}}, {"model": "admin.logentry", "pk": 46, "fields": {"action_time": "2025-08-05T11:46:04.730Z", "user": 1, "content_type": 15, "object_id": "5", "object_repr": "Комплект насадок для установки крючка брючного", "action_flag": 2, "change_message": "[{\"changed\": {\"fields\": [\"\\u0415\\u0434\\u0438\\u043d\\u0438\\u0446\\u0430 \\u0438\\u0437\\u043c\\u0435\\u0440\\u0435\\u043d\\u0438\\u044f\"]}}]"}}, {"model": "admin.logentry", "pk": 47, "fields": {"action_time": "2025-08-05T11:46:08.479Z", "user": 1, "content_type": 15, "object_id": "4", "object_repr": "Комплект насадок на пневматические прессы марки Gutos D-75245", "action_flag": 2, "change_message": "[{\"changed\": {\"fields\": [\"\\u0415\\u0434\\u0438\\u043d\\u0438\\u0446\\u0430 \\u0438\\u0437\\u043c\\u0435\\u0440\\u0435\\u043d\\u0438\\u044f\"]}}]"}}, {"model": "admin.logentry", "pk": 48, "fields": {"action_time": "2025-08-05T15:40:47.153Z", "user": 1, "content_type": 15, "object_id": "3", "object_repr": "Крючок брючный на прокол 10 мм", "action_flag": 2, "change_message": "[{\"changed\": {\"fields\": [\"\\u0412 \\u043d\\u0430\\u043b\\u0438\\u0447\\u0438\\u0438\"]}}]"}}, {"model": "admin.logentry", "pk": 49, "fields": {"action_time": "2025-08-05T15:40:53.083Z", "user": 1, "content_type": 15, "object_id": "1", "object_repr": "Крючок брючный на прокол 10 мм", "action_flag": 2, "change_message": "[{\"changed\": {\"fields\": [\"\\u0412 \\u043d\\u0430\\u043b\\u0438\\u0447\\u0438\\u0438\"]}}]"}}, {"model": "admin.logentry", "pk": 50, "fields": {"action_time": "2025-08-05T17:12:42.635Z", "user": 1, "content_type": 15, "object_id": "3", "object_repr": "Крючок брючный на прокол 10 мм", "action_flag": 2, "change_message": "[{\"changed\": {\"fields\": [\"\\u0422\\u043e\\u043b\\u044c\\u043a\\u043e \\u043e\\u043f\\u0442\\u043e\\u043c (\\u0443\\u043f\\u0430\\u043a\\u043e\\u0432\\u043a\\u043e\\u0439 \\u043f\\u043e X \\u0448\\u0442\\u0443\\u043a)\"]}}]"}}, {"model": "admin.logentry", "pk": 51, "fields": {"action_time": "2025-08-05T17:12:45.856Z", "user": 1, "content_type": 15, "object_id": "8", "object_repr": "Крючок брючный на прокол 10 мм", "action_flag": 2, "change_message": "[{\"changed\": {\"fields\": [\"\\u0422\\u043e\\u043b\\u044c\\u043a\\u043e \\u043e\\u043f\\u0442\\u043e\\u043c (\\u0443\\u043f\\u0430\\u043a\\u043e\\u0432\\u043a\\u043e\\u0439 \\u043f\\u043e X \\u0448\\u0442\\u0443\\u043a)\"]}}]"}}, {"model": "admin.logentry", "pk": 52, "fields": {"action_time": "2025-08-05T17:12:48.385Z", "user": 1, "content_type": 15, "object_id": "2", "object_repr": "Крючок брючный на прокол 10 мм", "action_flag": 2, "change_message": "[{\"changed\": {\"fields\": [\"\\u0422\\u043e\\u043b\\u044c\\u043a\\u043e \\u043e\\u043f\\u0442\\u043e\\u043c (\\u0443\\u043f\\u0430\\u043a\\u043e\\u0432\\u043a\\u043e\\u0439 \\u043f\\u043e X \\u0448\\u0442\\u0443\\u043a)\"]}}]"}}, {"model": "admin.logentry", "pk": 53, "fields": {"action_time": "2025-08-05T17:12:50.817Z", "user": 1, "content_type": 15, "object_id": "1", "object_repr": "Крючок брючный на прокол 10 мм", "action_flag": 2, "change_message": "[{\"changed\": {\"fields\": [\"\\u0422\\u043e\\u043b\\u044c\\u043a\\u043e \\u043e\\u043f\\u0442\\u043e\\u043c (\\u0443\\u043f\\u0430\\u043a\\u043e\\u0432\\u043a\\u043e\\u0439 \\u043f\\u043e X \\u0448\\u0442\\u0443\\u043a)\"]}}]"}}, {"model": "admin.logentry", "pk": 54, "fields": {"action_time": "2025-08-05T18:57:48.737Z", "user": 1, "content_type": 15, "object_id": "4", "object_repr": "Комплект насадок на пневматические прессы марки Gutos D-75245", "action_flag": 2, "change_message": "[{\"changed\": {\"fields\": [\"\\u0415\\u0434\\u0438\\u043d\\u0438\\u0446\\u0430 \\u0438\\u0437\\u043c\\u0435\\u0440\\u0435\\u043d\\u0438\\u044f\"]}}]"}}, {"model": "admin.logentry", "pk": 55, "fields": {"action_time": "2025-08-05T18:57:54.170Z", "user": 1, "content_type": 15, "object_id": "5", "object_repr": "Комплект насадок для установки крючка брючного", "action_flag": 2, "change_message": "[{\"changed\": {\"fields\": [\"\\u0415\\u0434\\u0438\\u043d\\u0438\\u0446\\u0430 \\u0438\\u0437\\u043c\\u0435\\u0440\\u0435\\u043d\\u0438\\u044f\"]}}]"}}, {"model": "admin.logentry", "pk": 56, "fields": {"action_time": "2025-08-08T22:37:09.128Z", "user": 1, "content_type": 16, "object_id": "1", "object_repr": "Отзыв на Крючок брючный на прокол 10 мм от Алексей", "action_flag": 2, "change_message": "[{\"changed\": {\"fields\": [\"\\u041e\\u043f\\u0443\\u0431\\u043b\\u0438\\u043a\\u043e\\u0432\\u0430\\u043d\"]}}]"}}, {"model": "admin.logentry", "pk": 57, "fields": {"action_time": "2025-08-08T22:53:58.135Z", "user": 1, "content_type": 16, "object_id": "5", "object_repr": "Отзыв на Крючок брючный на прокол 10 мм от Алексей", "action_flag": 2, "change_message": "[{\"changed\": {\"fields\": [\"\\u041e\\u043f\\u0443\\u0431\\u043b\\u0438\\u043a\\u043e\\u0432\\u0430\\u043d\"]}}]"}}, {"model": "admin.logentry", "pk": 58, "fields": {"action_time": "2025-08-09T04:10:36.006Z", "user": 1, "content_type": 16, "object_id": "7", "object_repr": "Отзыв на Крючок брючный на прокол 10 мм от Эльдар 'Бритва' Рязанов", "action_flag": 2, "change_message": "[{\"changed\": {\"fields\": [\"\\u041e\\u043f\\u0443\\u0431\\u043b\\u0438\\u043a\\u043e\\u0432\\u0430\\u043d\"]}}]"}}, {"model": "admin.logentry", "pk": 59, "fields": {"action_time": "2025-08-09T04:18:20.906Z", "user": 1, "content_type": 16, "object_id": "7", "object_repr": "Отзыв на Крючок брючный на прокол 10 мм от Эльдар", "action_flag": 2, "change_message": "[{\"changed\": {\"fields\": [\"\\u0418\\u043c\\u044f\", \"\\u0422\\u0435\\u043a\\u0441\\u0442 \\u043e\\u0442\\u0437\\u044b\\u0432\\u0430\"]}}]"}}, {"model": "admin.logentry", "pk": 60, "fields": {"action_time": "2025-08-09T04:18:34.059Z", "user": 1, "content_type": 16, "object_id": "6", "object_repr": "Отзыв на Крючок брючный на прокол 10 мм от Мария", "action_flag": 2, "change_message": "[{\"changed\": {\"fields\": [\"\\u0418\\u043c\\u044f\", \"\\u0422\\u0435\\u043a\\u0441\\u0442 \\u043e\\u0442\\u0437\\u044b\\u0432\\u0430\", \"\\u041e\\u043f\\u0443\\u0431\\u043b\\u0438\\u043a\\u043e\\u0432\\u0430\\u043d\"]}}]"}}, {"model": "admin.logentry", "pk": 61, "fields": {"action_time": "2025-08-09T04:18:37.687Z", "user": 1, "content_type": 16, "object_id": "5", "object_repr": "Отзыв на Крючок брючный на прокол 10 мм от Алексей", "action_flag": 2, "change_message": "[{\"changed\": {\"fields\": [\"\\u041e\\u043f\\u0443\\u0431\\u043b\\u0438\\u043a\\u043e\\u0432\\u0430\\u043d\"]}}]"}}, {"model": "admin.logentry", "pk": 62, "fields": {"action_time": "2025-08-09T04:18:39.385Z", "user": 1, "content_type": 16, "object_id": "4", "object_repr": "Отзыв на Крючок брючный на прокол 10 мм от Эльдар 'Бритва' Рязанов", "action_flag": 2, "change_message": "[]"}}, {"model": "admin.logentry", "pk": 63, "fields": {"action_time": "2025-08-09T04:18:40.635Z", "user": 1, "content_type": 16, "object_id": "3", "object_repr": "Отзыв на Крючок брючный на прокол 10 мм от фыфыв", "action_flag": 2, "change_message": "[]"}}, {"model": "admin.logentry", "pk": 64, "fields": {"action_time": "2025-08-09T04:18:41.709Z", "user": 1, "content_type": 16, "object_id": "2", "object_repr": "Отзыв на Крючок брючный на прокол 10 мм от Крючок брючный на прокол 10 мм", "action_flag": 2, "change_message": "[]"}}, {"model": "admin.logentry", "pk": 65, "fields": {"action_time": "2025-08-09T04:18:43.971Z", "user": 1, "content_type": 16, "object_id": "1", "object_repr": "Отзыв на Крючок брючный на прокол 10 мм от Алексей", "action_flag": 2, "change_message": "[{\"changed\": {\"fields\": [\"\\u041e\\u043f\\u0443\\u0431\\u043b\\u0438\\u043a\\u043e\\u0432\\u0430\\u043d\"]}}]"}}, {"model": "admin.logentry", "pk": 66, "fields": {"action_time": "2025-08-11T18:38:44.173Z", "user": 1, "content_type": 15, "object_id": "1", "object_repr": "Крючок брючный 10 мм. BRF10-201, цв. никель,  4 шипа, нерж. сталь. 1 000 компл.", "action_flag": 2, "change_message": "[{\"changed\": {\"fields\": [\"\\u041d\\u0430\\u0437\\u0432\\u0430\\u043d\\u0438\\u0435\", \"\\u041e\\u043f\\u0438\\u0441\\u0430\\u043d\\u0438\\u0435\"]}}]"}}, {"model": "admin.logentry", "pk": 67, "fields": {"action_time": "2025-08-11T18:39:16.850Z", "user": 1, "content_type": 15, "object_id": "8", "object_repr": "Крючок брючный 10 мм. BRF10-202, цв. черный никель, 4 шипа, нерж. сталь. 1 000 компл.", "action_flag": 2, "change_message": "[{\"changed\": {\"fields\": [\"\\u041d\\u0430\\u0437\\u0432\\u0430\\u043d\\u0438\\u0435\", \"\\u041e\\u043f\\u0438\\u0441\\u0430\\u043d\\u0438\\u0435\"]}}]"}}, {"model": "admin.logentry", "pk": 68, "fields": {"action_time": "2025-08-11T18:40:02.555Z", "user": 1, "content_type": 15, "object_id": "7", "object_repr": "Пресс TEP-2 Mikron", "action_flag": 2, "change_message": "[{\"changed\": {\"fields\": [\"\\u041e\\u043f\\u0438\\u0441\\u0430\\u043d\\u0438\\u0435\"]}}]"}}, {"model": "admin.logentry", "pk": 69, "fields": {"action_time": "2025-08-11T18:40:34.789Z", "user": 1, "content_type": 15, "object_id": "6", "object_repr": "Пресс DEP-2 универсальный с ударным механизмом, 15 кг, PRESS", "action_flag": 2, "change_message": "[{\"changed\": {\"fields\": [\"\\u041d\\u0430\\u0437\\u0432\\u0430\\u043d\\u0438\\u0435\", \"\\u041e\\u043f\\u0438\\u0441\\u0430\\u043d\\u0438\\u0435\"]}}]"}}, {"model": "admin.logentry", "pk": 70, "fields": {"action_time": "2025-08-11T18:41:41.801Z", "user": 1, "content_type": 15, "object_id": "5", "object_repr": "Комплект насадок для установки крючка брючного BRF10-200", "action_flag": 2, "change_message": "[{\"changed\": {\"fields\": [\"\\u041d\\u0430\\u0437\\u0432\\u0430\\u043d\\u0438\\u0435\", \"\\u041e\\u043f\\u0438\\u0441\\u0430\\u043d\\u0438\\u0435\"]}}]"}}, {"model": "admin.logentry", "pk": 71, "fields": {"action_time": "2025-08-11T18:42:15.111Z", "user": 1, "content_type": 15, "object_id": "4", "object_repr": "Комплект насадок для установки крючка брючного BRF10-200 для Gutos D-75245 Neulingen 161мм/164мм", "action_flag": 2, "change_message": "[{\"changed\": {\"fields\": [\"\\u041d\\u0430\\u0437\\u0432\\u0430\\u043d\\u0438\\u0435\", \"\\u041e\\u043f\\u0438\\u0441\\u0430\\u043d\\u0438\\u0435\"]}}]"}}, {"model": "admin.logentry", "pk": 72, "fields": {"action_time": "2025-08-11T18:43:10.583Z", "user": 1, "content_type": 15, "object_id": "9", "object_repr": "Комплект насадок для установки крючка брючного BRF10-200 для Gutos D-75245 Neulingen 197мм/165мм", "action_flag": 1, "change_message": "[{\"added\": {}}]"}}, {"model": "admin.logentry", "pk": 73, "fields": {"action_time": "2025-08-11T18:43:59.430Z", "user": 1, "content_type": 15, "object_id": "3", "object_repr": "Крючок брючный 10 мм. BRF10-204, цв. золото, 4 шипа, нерж. сталь. 1 000 компл.", "action_flag": 2, "change_message": "[{\"changed\": {\"fields\": [\"\\u041d\\u0430\\u0437\\u0432\\u0430\\u043d\\u0438\\u0435\", \"\\u041e\\u043f\\u0438\\u0441\\u0430\\u043d\\u0438\\u0435\"]}}]"}}, {"model": "admin.logentry", "pk": 74, "fields": {"action_time": "2025-08-11T18:44:27.277Z", "user": 1, "content_type": 15, "object_id": "2", "object_repr": "Крючок брючный 10 мм. BRF10-203, цв. бронза антик, 4 шипа, нерж. сталь. 1 000 компл.", "action_flag": 2, "change_message": "[{\"changed\": {\"fields\": [\"\\u041d\\u0430\\u0437\\u0432\\u0430\\u043d\\u0438\\u0435\", \"\\u041e\\u043f\\u0438\\u0441\\u0430\\u043d\\u0438\\u0435\"]}}]"}}, {"model": "admin.logentry", "pk": 75, "fields": {"action_time": "2025-08-11T18:55:01.034Z", "user": 1, "content_type": 15, "object_id": "4", "object_repr": "Комплект насадок для установки крючка брючного BRF10-200 для Gutos D-75245 Neulingen 161мм/164мм", "action_flag": 2, "change_message": "[{\"changed\": {\"fields\": [\"\\u041e\\u0441\\u043d\\u043e\\u0432\\u043d\\u043e\\u0435 \\u0438\\u0437\\u043e\\u0431\\u0440\\u0430\\u0436\\u0435\\u043d\\u0438\\u0435\"]}}]"}}, {"model": "admin.logentry", "pk": 76, "fields": {"action_time": "2025-08-11T18:55:07.548Z", "user": 1, "content_type": 15, "object_id": "9", "object_repr": "Комплект насадок для установки крючка брючного BRF10-200 для Gutos D-75245 Neulingen 197мм/165мм", "action_flag": 2, "change_message": "[{\"changed\": {\"fields\": [\"\\u041e\\u0441\\u043d\\u043e\\u0432\\u043d\\u043e\\u0435 \\u0438\\u0437\\u043e\\u0431\\u0440\\u0430\\u0436\\u0435\\u043d\\u0438\\u0435\"]}}]"}}, {"model": "admin.logentry", "pk": 77, "fields": {"action_time": "2025-08-11T19:00:16.608Z", "user": 1, "content_type": 15, "object_id": "10", "object_repr": "Крючок брючный 10 мм. BRF10-206, цв. никель, рамка, 4 шипа, металл. 1 000 компл.", "action_flag": 1, "change_message": "[{\"added\": {}}]"}}, {"model": "admin.logentry", "pk": 78, "fields": {"action_time": "2025-08-11T19:02:28.121Z", "user": 1, "content_type": 16, "object_id": "16", "object_repr": "Отзыв на Крючок брючный 10 мм. BRF10-202, цв. черный никель, 4 шипа, нерж. сталь. 1 000 компл. от Алексей", "action_flag": 3, "change_message": ""}}, {"model": "admin.logentry", "pk": 79, "fields": {"action_time": "2025-08-11T19:02:28.121Z", "user": 1, "content_type": 16, "object_id": "15", "object_repr": "Отзыв на Крючок брючный 10 мм. BRF10-202, цв. черный никель, 4 шипа, нерж. сталь. 1 000 компл. от Алексей", "action_flag": 3, "change_message": ""}}, {"model": "admin.logentry", "pk": 80, "fields": {"action_time": "2025-08-11T19:02:28.121Z", "user": 1, "content_type": 16, "object_id": "14", "object_repr": "Отзыв на Крючок брючный 10 мм. BRF10-202, цв. черный никель, 4 шипа, нерж. сталь. 1 000 компл. от Крючок брючный на прокол 10 мм", "action_flag": 3, "change_message": ""}}, {"model": "admin.logentry", "pk": 81, "fields": {"action_time": "2025-08-11T19:02:28.121Z", "user": 1, "content_type": 16, "object_id": "13", "object_repr": "Отзыв на Крючок брючный 10 мм. BRF10-202, цв. черный никель, 4 шипа, нерж. сталь. 1 000 компл. от Алексей", "action_flag": 3, "change_message": ""}}, {"model": "admin.logentry", "pk": 82, "fields": {"action_time": "2025-08-11T19:02:28.121Z", "user": 1, "content_type": 16, "object_id": "12", "object_repr": "Отзыв на Крючок брючный 10 мм. BRF10-202, цв. черный никель, 4 шипа, нерж. сталь. 1 000 компл. от Эльдар 'Бритва' Рязановйц", "action_flag": 3, "change_message": ""}}, {"model": "admin.logentry", "pk": 83, "fields": {"action_time": "2025-08-11T19:02:28.121Z", "user": 1, "content_type": 16, "object_id": "11", "object_repr": "Отзыв на Крючок брючный 10 мм. BRF10-202, цв. черный никель, 4 шипа, нерж. сталь. 1 000 компл. от Алексей", "action_flag": 3, "change_message": ""}}, {"model": "admin.logentry", "pk": 84, "fields": {"action_time": "2025-08-11T19:02:28.121Z", "user": 1, "content_type": 16, "object_id": "10", "object_repr": "Отзыв на Крючок брючный 10 мм. BRF10-202, цв. черный никель, 4 шипа, нерж. сталь. 1 000 компл. от Крючок брючный на прокол 10 мм", "action_flag": 3, "change_message": ""}}, {"model": "admin.logentry", "pk": 85, "fields": {"action_time": "2025-08-11T19:02:28.121Z", "user": 1, "content_type": 16, "object_id": "9", "object_repr": "Отзыв на Крючок брючный 10 мм. BRF10-202, цв. черный никель, 4 шипа, нерж. сталь. 1 000 компл. от аы", "action_flag": 3, "change_message": ""}}, {"model": "admin.logentry", "pk": 86, "fields": {"action_time": "2025-08-11T19:02:28.121Z", "user": 1, "content_type": 16, "object_id": "8", "object_repr": "Отзыв на Крючок брючный 10 мм. BRF10-202, цв. черный никель, 4 шипа, нерж. сталь. 1 000 компл. от Алексей", "action_flag": 3, "change_message": ""}}, {"model": "admin.logentry", "pk": 87, "fields": {"action_time": "2025-08-11T19:02:28.121Z", "user": 1, "content_type": 16, "object_id": "7", "object_repr": "Отзыв на Крючок брючный 10 мм. BRF10-202, цв. черный никель, 4 шипа, нерж. сталь. 1 000 компл. от Эльдар", "action_flag": 3, "change_message": ""}}, {"model": "admin.logentry", "pk": 88, "fields": {"action_time": "2025-08-11T19:02:28.121Z", "user": 1, "content_type": 16, "object_id": "6", "object_repr": "Отзыв на Крючок брючный 10 мм. BRF10-202, цв. черный никель, 4 шипа, нерж. сталь. 1 000 компл. от Мария", "action_flag": 3, "change_message": ""}}, {"model": "admin.logentry", "pk": 89, "fields": {"action_time": "2025-08-11T19:02:28.121Z", "user": 1, "content_type": 16, "object_id": "5", "object_repr": "Отзыв на Крючок брючный 10 мм. BRF10-202, цв. черный никель, 4 шипа, нерж. сталь. 1 000 компл. от Алексей", "action_flag": 3, "change_message": ""}}, {"model": "admin.logentry", "pk": 90, "fields": {"action_time": "2025-08-11T19:02:28.121Z", "user": 1, "content_type": 16, "object_id": "4", "object_repr": "Отзыв на Крючок брючный 10 мм. BRF10-202, цв. черный никель, 4 шипа, нерж. сталь. 1 000 компл. от Эльдар 'Бритва' Рязанов", "action_flag": 3, "change_message": ""}}, {"model": "admin.logentry", "pk": 91, "fields": {"action_time": "2025-08-11T19:02:28.121Z", "user": 1, "content_type": 16, "object_id": "3", "object_repr": "Отзыв на Крючок брючный 10 мм. BRF10-202, цв. черный никель, 4 шипа, нерж. сталь. 1 000 компл. от фыфыв", "action_flag": 3, "change_message": ""}}, {"model": "admin.logentry", "pk": 92, "fields": {"action_time": "2025-08-11T19:02:28.121Z", "user": 1, "content_type": 16, "object_id": "2", "object_repr": "Отзыв на Крючок брючный 10 мм. BRF10-202, цв. черный никель, 4 шипа, нерж. сталь. 1 000 компл. от Крючок брючный на прокол 10 мм", "action_flag": 3, "change_message": ""}}, {"model": "admin.logentry", "pk": 93, "fields": {"action_time": "2025-08-11T19:02:28.121Z", "user": 1, "content_type": 16, "object_id": "1", "object_repr": "Отзыв на Крючок брючный 10 мм. BRF10-202, цв. черный никель, 4 шипа, нерж. сталь. 1 000 компл. от Алексей", "action_flag": 3, "change_message": ""}}, {"model": "admin.logentry", "pk": 94, "fields": {"action_time": "2025-08-11T19:02:42.135Z", "user": 1, "content_type": 13, "object_id": "140", "object_repr": "Запрос звонка от Алексей (+7 (951) 750-88-66)", "action_flag": 3, "change_message": ""}}, {"model": "admin.logentry", "pk": 95, "fields": {"action_time": "2025-08-11T19:02:42.135Z", "user": 1, "content_type": 13, "object_id": "139", "object_repr": "Запрос звонка от Алексей (+7 (951) 750-88-66)", "action_flag": 3, "change_message": ""}}, {"model": "admin.logentry", "pk": 96, "fields": {"action_time": "2025-08-11T19:02:42.135Z", "user": 1, "content_type": 13, "object_id": "138", "object_repr": "Запрос звонка от Алексей (+7 (951) 750-88-66)", "action_flag": 3, "change_message": ""}}, {"model": "admin.logentry", "pk": 97, "fields": {"action_time": "2025-08-11T19:02:42.135Z", "user": 1, "content_type": 13, "object_id": "137", "object_repr": "Запрос звонка от Алексей (+7 (951) 750-88-66)", "action_flag": 3, "change_message": ""}}, {"model": "admin.logentry", "pk": 98, "fields": {"action_time": "2025-08-11T19:02:42.135Z", "user": 1, "content_type": 13, "object_id": "136", "object_repr": "Запрос звонка от Алексей (+7 (951) 750-88-66)", "action_flag": 3, "change_message": ""}}, {"model": "admin.logentry", "pk": 99, "fields": {"action_time": "2025-08-11T19:02:42.135Z", "user": 1, "content_type": 13, "object_id": "135", "object_repr": "Запрос звонка от Алексей (+7 (951) 750-88-66)", "action_flag": 3, "change_message": ""}}, {"model": "admin.logentry", "pk": 100, "fields": {"action_time": "2025-08-11T19:02:42.135Z", "user": 1, "content_type": 13, "object_id": "134", "object_repr": "Запрос звонка от Алексей (+7 (951) 750-88-66)", "action_flag": 3, "change_message": ""}}, {"model": "admin.logentry", "pk": 101, "fields": {"action_time": "2025-08-11T19:02:42.135Z", "user": 1, "content_type": 13, "object_id": "133", "object_repr": "Запрос звонка от Алексей (+7 (951) 750-88-66)", "action_flag": 3, "change_message": ""}}, {"model": "admin.logentry", "pk": 102, "fields": {"action_time": "2025-08-11T19:02:42.135Z", "user": 1, "content_type": 13, "object_id": "132", "object_repr": "Запрос звонка от Алексей (+7 (951) 750-88-66)", "action_flag": 3, "change_message": ""}}, {"model": "admin.logentry", "pk": 103, "fields": {"action_time": "2025-08-11T19:02:42.135Z", "user": 1, "content_type": 13, "object_id": "131", "object_repr": "Запрос звонка от Алексей (+7 (951) 750-88-66)", "action_flag": 3, "change_message": ""}}, {"model": "admin.logentry", "pk": 104, "fields": {"action_time": "2025-08-11T19:02:42.135Z", "user": 1, "content_type": 13, "object_id": "130", "object_repr": "Запрос звонка от Алексей (+7 (951) 750-88-66)", "action_flag": 3, "change_message": ""}}, {"model": "admin.logentry", "pk": 105, "fields": {"action_time": "2025-08-11T19:02:42.135Z", "user": 1, "content_type": 13, "object_id": "129", "object_repr": "Запрос звонка от Алексей (+7 (951) 750-88-66)", "action_flag": 3, "change_message": ""}}, {"model": "admin.logentry", "pk": 106, "fields": {"action_time": "2025-08-11T19:02:42.135Z", "user": 1, "content_type": 13, "object_id": "128", "object_repr": "Запрос звонка от Алексей (+7 (951) 750-88-66)", "action_flag": 3, "change_message": ""}}, {"model": "admin.logentry", "pk": 107, "fields": {"action_time": "2025-08-11T19:02:42.135Z", "user": 1, "content_type": 13, "object_id": "127", "object_repr": "Запрос звонка от Алексей (+7 (951) 750-88-66)", "action_flag": 3, "change_message": ""}}, {"model": "admin.logentry", "pk": 108, "fields": {"action_time": "2025-08-11T19:02:42.135Z", "user": 1, "content_type": 13, "object_id": "126", "object_repr": "Запрос звонка от Алексей (+7 (951) 750-88-66)", "action_flag": 3, "change_message": ""}}, {"model": "admin.logentry", "pk": 109, "fields": {"action_time": "2025-08-11T19:02:42.135Z", "user": 1, "content_type": 13, "object_id": "125", "object_repr": "Запрос звонка от Алексей (+7 (951) 750-88-66)", "action_flag": 3, "change_message": ""}}, {"model": "admin.logentry", "pk": 110, "fields": {"action_time": "2025-08-11T19:02:42.135Z", "user": 1, "content_type": 13, "object_id": "124", "object_repr": "Запрос звонка от Алексей (+7 (951) 750-88-66)", "action_flag": 3, "change_message": ""}}, {"model": "admin.logentry", "pk": 111, "fields": {"action_time": "2025-08-11T19:02:42.135Z", "user": 1, "content_type": 13, "object_id": "123", "object_repr": "Запрос звонка от Алексей (+7 (951) 750-88-66)", "action_flag": 3, "change_message": ""}}, {"model": "admin.logentry", "pk": 112, "fields": {"action_time": "2025-08-11T19:02:42.135Z", "user": 1, "content_type": 13, "object_id": "122", "object_repr": "Запрос звонка от Алексей (+7 (951) 750-88-66)", "action_flag": 3, "change_message": ""}}, {"model": "admin.logentry", "pk": 113, "fields": {"action_time": "2025-08-11T19:02:42.135Z", "user": 1, "content_type": 13, "object_id": "121", "object_repr": "Запрос звонка от Алексей (+79517508866)", "action_flag": 3, "change_message": ""}}, {"model": "admin.logentry", "pk": 114, "fields": {"action_time": "2025-08-11T19:02:42.135Z", "user": 1, "content_type": 13, "object_id": "120", "object_repr": "Запрос звонка от Алексей (+7 (951) 750-88-66)", "action_flag": 3, "change_message": ""}}, {"model": "admin.logentry", "pk": 115, "fields": {"action_time": "2025-08-11T19:02:42.135Z", "user": 1, "content_type": 13, "object_id": "119", "object_repr": "Запрос звонка от Алексей (+7 (951) 750-88-66)", "action_flag": 3, "change_message": ""}}, {"model": "admin.logentry", "pk": 116, "fields": {"action_time": "2025-08-11T19:02:42.135Z", "user": 1, "content_type": 13, "object_id": "118", "object_repr": "Запрос звонка от Алексей (+7 (951) 750-88-66)", "action_flag": 3, "change_message": ""}}, {"model": "admin.logentry", "pk": 117, "fields": {"action_time": "2025-08-11T19:02:42.135Z", "user": 1, "content_type": 13, "object_id": "117", "object_repr": "Запрос звонка от Алексей (+7 (951) 750-88-66)", "action_flag": 3, "change_message": ""}}, {"model": "admin.logentry", "pk": 118, "fields": {"action_time": "2025-08-11T19:02:42.135Z", "user": 1, "content_type": 13, "object_id": "116", "object_repr": "Запрос звонка от Алексей (+7 (951) 750-88-66)", "action_flag": 3, "change_message": ""}}, {"model": "admin.logentry", "pk": 119, "fields": {"action_time": "2025-08-11T19:02:42.135Z", "user": 1, "content_type": 13, "object_id": "115", "object_repr": "Запрос звонка от Алексей (+7 (951) 750-88-66)", "action_flag": 3, "change_message": ""}}, {"model": "admin.logentry", "pk": 120, "fields": {"action_time": "2025-08-11T19:02:42.135Z", "user": 1, "content_type": 13, "object_id": "114", "object_repr": "Запрос звонка от Алексей (+7 (951) 750-88-66)", "action_flag": 3, "change_message": ""}}, {"model": "admin.logentry", "pk": 121, "fields": {"action_time": "2025-08-11T19:02:42.135Z", "user": 1, "content_type": 13, "object_id": "113", "object_repr": "Запрос звонка от Алексей (+7 (951) 750-88-66)", "action_flag": 3, "change_message": ""}}, {"model": "admin.logentry", "pk": 122, "fields": {"action_time": "2025-08-11T19:02:42.135Z", "user": 1, "content_type": 13, "object_id": "112", "object_repr": "Запрос звонка от Алексей (+7 (951) 750-88-66)", "action_flag": 3, "change_message": ""}}, {"model": "admin.logentry", "pk": 123, "fields": {"action_time": "2025-08-11T19:02:42.135Z", "user": 1, "content_type": 13, "object_id": "111", "object_repr": "Запрос звонка от Алексей (+7 (951) 750-88-66)", "action_flag": 3, "change_message": ""}}, {"model": "admin.logentry", "pk": 124, "fields": {"action_time": "2025-08-11T19:02:42.135Z", "user": 1, "content_type": 13, "object_id": "110", "object_repr": "Запрос звонка от Алексей (+7 (951) 750-88-66)", "action_flag": 3, "change_message": ""}}, {"model": "admin.logentry", "pk": 125, "fields": {"action_time": "2025-08-11T19:02:42.135Z", "user": 1, "content_type": 13, "object_id": "109", "object_repr": "Запрос звонка от Алексей (+79517508866)", "action_flag": 3, "change_message": ""}}, {"model": "admin.logentry", "pk": 126, "fields": {"action_time": "2025-08-11T19:02:42.135Z", "user": 1, "content_type": 13, "object_id": "108", "object_repr": "Запрос звонка от Алексей (+79517508866)", "action_flag": 3, "change_message": ""}}, {"model": "admin.logentry", "pk": 127, "fields": {"action_time": "2025-08-11T19:02:42.135Z", "user": 1, "content_type": 13, "object_id": "107", "object_repr": "Запрос звонка от Алексей (+79517508866)", "action_flag": 3, "change_message": ""}}, {"model": "admin.logentry", "pk": 128, "fields": {"action_time": "2025-08-11T19:02:42.135Z", "user": 1, "content_type": 13, "object_id": "106", "object_repr": "Запрос звонка от Алексей (+79517508866)", "action_flag": 3, "change_message": ""}}, {"model": "admin.logentry", "pk": 129, "fields": {"action_time": "2025-08-11T19:02:42.135Z", "user": 1, "content_type": 13, "object_id": "105", "object_repr": "Запрос звонка от Алексей (+79517508866)", "action_flag": 3, "change_message": ""}}, {"model": "admin.logentry", "pk": 130, "fields": {"action_time": "2025-08-11T19:02:42.135Z", "user": 1, "content_type": 13, "object_id": "104", "object_repr": "Запрос звонка от Алексей (+79517508866)", "action_flag": 3, "change_message": ""}}, {"model": "admin.logentry", "pk": 131, "fields": {"action_time": "2025-08-11T19:02:42.135Z", "user": 1, "content_type": 13, "object_id": "103", "object_repr": "Запрос звонка от Алексей (+79517508866)", "action_flag": 3, "change_message": ""}}, {"model": "admin.logentry", "pk": 132, "fields": {"action_time": "2025-08-11T19:02:42.135Z", "user": 1, "content_type": 13, "object_id": "102", "object_repr": "Запрос звонка от Алексей (+79517508866)", "action_flag": 3, "change_message": ""}}, {"model": "admin.logentry", "pk": 133, "fields": {"action_time": "2025-08-11T19:02:42.135Z", "user": 1, "content_type": 13, "object_id": "101", "object_repr": "Запрос звонка от Алексей (+79517508866)", "action_flag": 3, "change_message": ""}}, {"model": "admin.logentry", "pk": 134, "fields": {"action_time": "2025-08-11T19:02:42.135Z", "user": 1, "content_type": 13, "object_id": "100", "object_repr": "Запрос звонка от Алексей (+79517508866)", "action_flag": 3, "change_message": ""}}, {"model": "admin.logentry", "pk": 135, "fields": {"action_time": "2025-08-11T19:02:42.135Z", "user": 1, "content_type": 13, "object_id": "99", "object_repr": "Запрос звонка от Алексей (+7 (951) 750-88-66)", "action_flag": 3, "change_message": ""}}, {"model": "admin.logentry", "pk": 136, "fields": {"action_time": "2025-08-11T19:02:42.135Z", "user": 1, "content_type": 13, "object_id": "98", "object_repr": "Запрос звонка от Алексей (+7 (951) 750-88-66)", "action_flag": 3, "change_message": ""}}, {"model": "admin.logentry", "pk": 137, "fields": {"action_time": "2025-08-11T19:02:42.135Z", "user": 1, "content_type": 13, "object_id": "97", "object_repr": "Запрос звонка от Алексей (+7 (951) 750-88-66)", "action_flag": 3, "change_message": ""}}, {"model": "admin.logentry", "pk": 138, "fields": {"action_time": "2025-08-11T19:02:42.135Z", "user": 1, "content_type": 13, "object_id": "96", "object_repr": "Запрос звонка от Алексей (+7 (951) 750-88-66)", "action_flag": 3, "change_message": ""}}, {"model": "admin.logentry", "pk": 139, "fields": {"action_time": "2025-08-11T19:02:42.135Z", "user": 1, "content_type": 13, "object_id": "95", "object_repr": "Запрос звонка от Алексей (+7 (951) 750-88-66)", "action_flag": 3, "change_message": ""}}, {"model": "admin.logentry", "pk": 140, "fields": {"action_time": "2025-08-11T19:02:42.135Z", "user": 1, "content_type": 13, "object_id": "94", "object_repr": "Запрос звонка от Алексей (+7 (951) 750-88-66)", "action_flag": 3, "change_message": ""}}, {"model": "admin.logentry", "pk": 141, "fields": {"action_time": "2025-08-11T19:02:42.135Z", "user": 1, "content_type": 13, "object_id": "93", "object_repr": "Запрос звонка от Алексей (+7 (951) 750-88-66)", "action_flag": 3, "change_message": ""}}, {"model": "admin.logentry", "pk": 142, "fields": {"action_time": "2025-08-11T19:02:42.135Z", "user": 1, "content_type": 13, "object_id": "92", "object_repr": "Запрос звонка от Алексей (+7 (951) 750-88-66)", "action_flag": 3, "change_message": ""}}, {"model": "admin.logentry", "pk": 143, "fields": {"action_time": "2025-08-11T19:02:42.135Z", "user": 1, "content_type": 13, "object_id": "91", "object_repr": "Запрос звонка от Алексей (+7 (951) 750-88-66)", "action_flag": 3, "change_message": ""}}, {"model": "admin.logentry", "pk": 144, "fields": {"action_time": "2025-08-11T19:02:42.135Z", "user": 1, "content_type": 13, "object_id": "90", "object_repr": "Запрос звонка от Алексей (+7 (951) 750-88-66)", "action_flag": 3, "change_message": ""}}, {"model": "admin.logentry", "pk": 145, "fields": {"action_time": "2025-08-11T19:02:42.135Z", "user": 1, "content_type": 13, "object_id": "89", "object_repr": "Запрос звонка от Алексей (+7 (951) 750-88-66)", "action_flag": 3, "change_message": ""}}, {"model": "admin.logentry", "pk": 146, "fields": {"action_time": "2025-08-11T19:02:42.135Z", "user": 1, "content_type": 13, "object_id": "88", "object_repr": "Запрос звонка от Алексей (+7 (951) 750-88-66)", "action_flag": 3, "change_message": ""}}, {"model": "admin.logentry", "pk": 147, "fields": {"action_time": "2025-08-11T19:02:42.135Z", "user": 1, "content_type": 13, "object_id": "87", "object_repr": "Запрос звонка от Алексей (+7 (951) 750-88-66)", "action_flag": 3, "change_message": ""}}, {"model": "admin.logentry", "pk": 148, "fields": {"action_time": "2025-08-11T19:02:42.135Z", "user": 1, "content_type": 13, "object_id": "86", "object_repr": "Запрос звонка от Алексей (+7 (951) 750-88-66)", "action_flag": 3, "change_message": ""}}, {"model": "admin.logentry", "pk": 149, "fields": {"action_time": "2025-08-11T19:02:42.135Z", "user": 1, "content_type": 13, "object_id": "85", "object_repr": "Запрос звонка от Алексей (+7 (951) 750-88-66)", "action_flag": 3, "change_message": ""}}, {"model": "admin.logentry", "pk": 150, "fields": {"action_time": "2025-08-11T19:02:42.135Z", "user": 1, "content_type": 13, "object_id": "84", "object_repr": "Запрос звонка от Алексей (+7 (951) 750-88-66)", "action_flag": 3, "change_message": ""}}, {"model": "admin.logentry", "pk": 151, "fields": {"action_time": "2025-08-11T19:02:42.135Z", "user": 1, "content_type": 13, "object_id": "83", "object_repr": "Запрос звонка от Алексей (+79517508866)", "action_flag": 3, "change_message": ""}}, {"model": "admin.logentry", "pk": 152, "fields": {"action_time": "2025-08-11T19:02:42.135Z", "user": 1, "content_type": 13, "object_id": "82", "object_repr": "Запрос звонка от Алексей (+7 (951) 750-88-66)", "action_flag": 3, "change_message": ""}}, {"model": "admin.logentry", "pk": 153, "fields": {"action_time": "2025-08-11T19:02:42.135Z", "user": 1, "content_type": 13, "object_id": "81", "object_repr": "Запрос звонка от Алексей (+7 (951) 750-88-66)", "action_flag": 3, "change_message": ""}}, {"model": "admin.logentry", "pk": 154, "fields": {"action_time": "2025-08-11T19:02:42.135Z", "user": 1, "content_type": 13, "object_id": "80", "object_repr": "Запрос звонка от Алексей (+7 (951) 750-88-66)", "action_flag": 3, "change_message": ""}}, {"model": "admin.logentry", "pk": 155, "fields": {"action_time": "2025-08-11T19:02:42.135Z", "user": 1, "content_type": 13, "object_id": "79", "object_repr": "Запрос звонка от Алексей (+7 (951) 750-88-66)", "action_flag": 3, "change_message": ""}}, {"model": "admin.logentry", "pk": 156, "fields": {"action_time": "2025-08-11T19:02:42.136Z", "user": 1, "content_type": 13, "object_id": "78", "object_repr": "Запрос звонка от Алексей (+7 (951) 750-88-66)", "action_flag": 3, "change_message": ""}}, {"model": "admin.logentry", "pk": 157, "fields": {"action_time": "2025-08-11T19:02:42.136Z", "user": 1, "content_type": 13, "object_id": "77", "object_repr": "Запрос звонка от Алексей (+7 (951) 750-88-66)", "action_flag": 3, "change_message": ""}}, {"model": "admin.logentry", "pk": 158, "fields": {"action_time": "2025-08-11T19:02:42.136Z", "user": 1, "content_type": 13, "object_id": "76", "object_repr": "Запрос звонка от Алексей (+7 (951) 750-88-66)", "action_flag": 3, "change_message": ""}}, {"model": "admin.logentry", "pk": 159, "fields": {"action_time": "2025-08-11T19:02:42.136Z", "user": 1, "content_type": 13, "object_id": "75", "object_repr": "Запрос звонка от Алексей (+7 (951) 750-88-66)", "action_flag": 3, "change_message": ""}}, {"model": "admin.logentry", "pk": 160, "fields": {"action_time": "2025-08-11T19:02:42.136Z", "user": 1, "content_type": 13, "object_id": "74", "object_repr": "Запрос звонка от Алексей (+7 (951) 750-88-66)", "action_flag": 3, "change_message": ""}}, {"model": "admin.logentry", "pk": 161, "fields": {"action_time": "2025-08-11T19:02:42.136Z", "user": 1, "content_type": 13, "object_id": "73", "object_repr": "Запрос звонка от Алексей (+7 (951) 750-88-66)", "action_flag": 3, "change_message": ""}}, {"model": "admin.logentry", "pk": 162, "fields": {"action_time": "2025-08-11T19:02:42.136Z", "user": 1, "content_type": 13, "object_id": "72", "object_repr": "Запрос звонка от Алексей (+7 (951) 750-88-66)", "action_flag": 3, "change_message": ""}}, {"model": "admin.logentry", "pk": 163, "fields": {"action_time": "2025-08-11T19:02:42.136Z", "user": 1, "content_type": 13, "object_id": "71", "object_repr": "Запрос звонка от Эльдар 'Бритва' Рязанов (+7 (999) 999-99-99)", "action_flag": 3, "change_message": ""}}, {"model": "admin.logentry", "pk": 164, "fields": {"action_time": "2025-08-11T19:02:42.136Z", "user": 1, "content_type": 13, "object_id": "70", "object_repr": "Запрос звонка от Королевское бритье опасной бритвой (+7 (999) 999-99-99)", "action_flag": 3, "change_message": ""}}, {"model": "admin.logentry", "pk": 165, "fields": {"action_time": "2025-08-11T19:02:42.136Z", "user": 1, "content_type": 13, "object_id": "69", "object_repr": "Запрос звонка от Эльдар 'Бритва' Рязанов (+7 (999) 999-99-99)", "action_flag": 3, "change_message": ""}}, {"model": "admin.logentry", "pk": 166, "fields": {"action_time": "2025-08-11T19:02:42.136Z", "user": 1, "content_type": 13, "object_id": "68", "object_repr": "Запрос звонка от Крючок брючный на прокол 10 мм (+7 (999) 999-49-99)", "action_flag": 3, "change_message": ""}}, {"model": "admin.logentry", "pk": 167, "fields": {"action_time": "2025-08-11T19:02:42.136Z", "user": 1, "content_type": 13, "object_id": "67", "object_repr": "Запрос звонка от Королевское бритье опасной бритвой (+7 (999) 999-99-99)", "action_flag": 3, "change_message": ""}}, {"model": "admin.logentry", "pk": 168, "fields": {"action_time": "2025-08-11T19:02:42.136Z", "user": 1, "content_type": 13, "object_id": "66", "object_repr": "Запрос звонка от Крючок брючный на прокол 10 мм (+7 (999) 999-49-99)", "action_flag": 3, "change_message": ""}}, {"model": "admin.logentry", "pk": 169, "fields": {"action_time": "2025-08-11T19:02:42.136Z", "user": 1, "content_type": 13, "object_id": "65", "object_repr": "Запрос звонка от Эльдар 'Бритва' Рязанов (+7 (951) 750-88-66)", "action_flag": 3, "change_message": ""}}, {"model": "admin.logentry", "pk": 170, "fields": {"action_time": "2025-08-11T19:02:42.136Z", "user": 1, "content_type": 13, "object_id": "64", "object_repr": "Запрос звонка от Королевское бритье опасной бритвой (+7 (999) 999-99-99)", "action_flag": 3, "change_message": ""}}, {"model": "admin.logentry", "pk": 171, "fields": {"action_time": "2025-08-11T19:02:42.136Z", "user": 1, "content_type": 13, "object_id": "63", "object_repr": "Запрос звонка от Королевское бритье опасной бритвой (+7 (999) 999-49-99)", "action_flag": 3, "change_message": ""}}, {"model": "admin.logentry", "pk": 172, "fields": {"action_time": "2025-08-11T19:02:42.136Z", "user": 1, "content_type": 13, "object_id": "62", "object_repr": "Запрос звонка от Эльдар 'Бритва' Рязанов (+7 (999) 999-99-99)", "action_flag": 3, "change_message": ""}}, {"model": "admin.logentry", "pk": 173, "fields": {"action_time": "2025-08-11T19:02:42.136Z", "user": 1, "content_type": 13, "object_id": "61", "object_repr": "Запрос звонка от фв (+7 (951) 750-88-66)", "action_flag": 3, "change_message": ""}}, {"model": "admin.logentry", "pk": 174, "fields": {"action_time": "2025-08-11T19:02:42.136Z", "user": 1, "content_type": 13, "object_id": "60", "object_repr": "Запрос звонка от Крючок брючный на прокол 10 мм (+7 (951) 750-88-66)", "action_flag": 3, "change_message": ""}}, {"model": "admin.logentry", "pk": 175, "fields": {"action_time": "2025-08-11T19:02:42.136Z", "user": 1, "content_type": 13, "object_id": "59", "object_repr": "Запрос звонка от Королевское бритье опасной бритвой (+7 (951) 750-88-66)", "action_flag": 3, "change_message": ""}}, {"model": "admin.logentry", "pk": 176, "fields": {"action_time": "2025-08-11T19:02:42.136Z", "user": 1, "content_type": 13, "object_id": "58", "object_repr": "Запрос звонка от Эльдар 'Бритва' Рязанов (+7 (951) 750-88-66)", "action_flag": 3, "change_message": ""}}, {"model": "admin.logentry", "pk": 177, "fields": {"action_time": "2025-08-11T19:02:42.136Z", "user": 1, "content_type": 13, "object_id": "57", "object_repr": "Запрос звонка от Королевское бритье опасной бритвой (+7 (951) 750-88-66)", "action_flag": 3, "change_message": ""}}, {"model": "admin.logentry", "pk": 178, "fields": {"action_time": "2025-08-11T19:02:42.136Z", "user": 1, "content_type": 13, "object_id": "56", "object_repr": "Запрос звонка от Эльдар 'Бритва' Рязанов (+7 (951) 750-88-66)", "action_flag": 3, "change_message": ""}}, {"model": "admin.logentry", "pk": 179, "fields": {"action_time": "2025-08-11T19:02:42.136Z", "user": 1, "content_type": 13, "object_id": "55", "object_repr": "Запрос звонка от Королевское бритье опасной бритвой (+7 (999) 999-49-99)", "action_flag": 3, "change_message": ""}}, {"model": "admin.logentry", "pk": 180, "fields": {"action_time": "2025-08-11T19:02:42.136Z", "user": 1, "content_type": 13, "object_id": "54", "object_repr": "Запрос звонка от Эльдар 'Бритва' Рязанов (+7 (951) 750-88-66)", "action_flag": 3, "change_message": ""}}, {"model": "admin.logentry", "pk": 181, "fields": {"action_time": "2025-08-11T19:02:42.136Z", "user": 1, "content_type": 13, "object_id": "53", "object_repr": "Запрос звонка от Эльдар 'Бритва' Рязанов (+7 (999) 999-49-99)", "action_flag": 3, "change_message": ""}}, {"model": "admin.logentry", "pk": 182, "fields": {"action_time": "2025-08-11T19:02:42.136Z", "user": 1, "content_type": 13, "object_id": "52", "object_repr": "Запрос звонка от Эльдар 'Бритва' Рязанов (+7 (999) 999-49-99)", "action_flag": 3, "change_message": ""}}, {"model": "admin.logentry", "pk": 183, "fields": {"action_time": "2025-08-11T19:02:42.136Z", "user": 1, "content_type": 13, "object_id": "51", "object_repr": "Запрос звонка от Королевское бритье опасной бритвой (+7 (999) 999-49-99)", "action_flag": 3, "change_message": ""}}, {"model": "admin.logentry", "pk": 184, "fields": {"action_time": "2025-08-11T19:02:42.136Z", "user": 1, "content_type": 13, "object_id": "50", "object_repr": "Запрос звонка от Зоя 'Ножницы' Космодемьянская (+7 (999) 999-49-99)", "action_flag": 3, "change_message": ""}}, {"model": "admin.logentry", "pk": 185, "fields": {"action_time": "2025-08-11T19:02:42.136Z", "user": 1, "content_type": 13, "object_id": "49", "object_repr": "Запрос звонка от Эльдар 'Бритва' Рязанов (+7 (951) 750-88-66)", "action_flag": 3, "change_message": ""}}, {"model": "admin.logentry", "pk": 186, "fields": {"action_time": "2025-08-11T19:02:42.136Z", "user": 1, "content_type": 13, "object_id": "48", "object_repr": "Запрос звонка от Королевское бритье опасной бритвой (+7 (951) 750-88-66)", "action_flag": 3, "change_message": ""}}, {"model": "admin.logentry", "pk": 187, "fields": {"action_time": "2025-08-11T19:02:42.136Z", "user": 1, "content_type": 13, "object_id": "47", "object_repr": "Запрос звонка от Эльдар 'Бритва' Рязанов (+7 (999) 999-49-99)", "action_flag": 3, "change_message": ""}}, {"model": "admin.logentry", "pk": 188, "fields": {"action_time": "2025-08-11T19:02:42.136Z", "user": 1, "content_type": 13, "object_id": "46", "object_repr": "Запрос звонка от Эльдар 'Бритва' Рязанов (+7 (999) 999-49-99)", "action_flag": 3, "change_message": ""}}, {"model": "admin.logentry", "pk": 189, "fields": {"action_time": "2025-08-11T19:02:42.136Z", "user": 1, "content_type": 13, "object_id": "45", "object_repr": "Запрос звонка от Эльдар 'Бритва' Рязанов (+7 (999) 999-49-99)", "action_flag": 3, "change_message": ""}}, {"model": "admin.logentry", "pk": 190, "fields": {"action_time": "2025-08-11T19:02:42.136Z", "user": 1, "content_type": 13, "object_id": "44", "object_repr": "Запрос звонка от Эльдар 'Бритва' Рязанов (+7 (951) 750-88-66)", "action_flag": 3, "change_message": ""}}, {"model": "admin.logentry", "pk": 191, "fields": {"action_time": "2025-08-11T19:02:42.136Z", "user": 1, "content_type": 13, "object_id": "43", "object_repr": "Запрос звонка от Эльдар 'Бритва' Рязанов (+7 (951) 750-88-66)", "action_flag": 3, "change_message": ""}}, {"model": "admin.logentry", "pk": 192, "fields": {"action_time": "2025-08-11T19:02:42.136Z", "user": 1, "content_type": 13, "object_id": "42", "object_repr": "Запрос звонка от Эльдар 'Бритва' Рязанов (+7 (951) 750-88-66)", "action_flag": 3, "change_message": ""}}, {"model": "admin.logentry", "pk": 193, "fields": {"action_time": "2025-08-11T19:02:42.136Z", "user": 1, "content_type": 13, "object_id": "41", "object_repr": "Запрос звонка от Эльдар 'Бритва' Рязанов (+7 (999) 999-49-99)", "action_flag": 3, "change_message": ""}}, {"model": "admin.logentry", "pk": 194, "fields": {"action_time": "2025-08-11T19:02:49.562Z", "user": 1, "content_type": 14, "object_id": "61", "object_repr": "Заказ #61 - Крючок брючный 10 мм. BRF10-202, цв. черный никель, 4 шипа, нерж. сталь. 1 000 компл. (3000 шт)", "action_flag": 3, "change_message": ""}}, {"model": "admin.logentry", "pk": 195, "fields": {"action_time": "2025-08-11T19:02:49.562Z", "user": 1, "content_type": 14, "object_id": "60", "object_repr": "Заказ #60 - Крючок брючный 10 мм. BRF10-202, цв. черный никель, 4 шипа, нерж. сталь. 1 000 компл. (1000 шт)", "action_flag": 3, "change_message": ""}}, {"model": "admin.logentry", "pk": 196, "fields": {"action_time": "2025-08-11T19:02:49.562Z", "user": 1, "content_type": 14, "object_id": "59", "object_repr": "Заказ #59 - Крючок брючный 10 мм. BRF10-202, цв. черный никель, 4 шипа, нерж. сталь. 1 000 компл. (1000 шт)", "action_flag": 3, "change_message": ""}}, {"model": "admin.logentry", "pk": 197, "fields": {"action_time": "2025-08-11T19:02:49.562Z", "user": 1, "content_type": 14, "object_id": "58", "object_repr": "Заказ #58 - Крючок брючный 10 мм. BRF10-202, цв. черный никель, 4 шипа, нерж. сталь. 1 000 компл. (4000 шт)", "action_flag": 3, "change_message": ""}}, {"model": "admin.logentry", "pk": 198, "fields": {"action_time": "2025-08-11T19:02:49.562Z", "user": 1, "content_type": 14, "object_id": "57", "object_repr": "Заказ #57 - Крючок брючный 10 мм. BRF10-202, цв. черный никель, 4 шипа, нерж. сталь. 1 000 компл. (1000 шт)", "action_flag": 3, "change_message": ""}}, {"model": "admin.logentry", "pk": 199, "fields": {"action_time": "2025-08-11T19:02:49.562Z", "user": 1, "content_type": 14, "object_id": "56", "object_repr": "Заказ #56 - Крючок брючный 10 мм. BRF10-202, цв. черный никель, 4 шипа, нерж. сталь. 1 000 компл. (1000 шт)", "action_flag": 3, "change_message": ""}}, {"model": "admin.logentry", "pk": 200, "fields": {"action_time": "2025-08-11T19:02:49.562Z", "user": 1, "content_type": 14, "object_id": "55", "object_repr": "Заказ #55 - Крючок брючный 10 мм. BRF10-202, цв. черный никель, 4 шипа, нерж. сталь. 1 000 компл. (1000 шт)", "action_flag": 3, "change_message": ""}}, {"model": "admin.logentry", "pk": 201, "fields": {"action_time": "2025-08-11T19:02:49.562Z", "user": 1, "content_type": 14, "object_id": "54", "object_repr": "Заказ #54 - Крючок брючный 10 мм. BRF10-202, цв. черный никель, 4 шипа, нерж. сталь. 1 000 компл. (1000 шт)", "action_flag": 3, "change_message": ""}}, {"model": "admin.logentry", "pk": 202, "fields": {"action_time": "2025-08-11T19:02:49.562Z", "user": 1, "content_type": 14, "object_id": "53", "object_repr": "Заказ #53 - Крючок брючный 10 мм. BRF10-202, цв. черный никель, 4 шипа, нерж. сталь. 1 000 компл. (1000 шт)", "action_flag": 3, "change_message": ""}}, {"model": "admin.logentry", "pk": 203, "fields": {"action_time": "2025-08-11T19:02:49.562Z", "user": 1, "content_type": 14, "object_id": "52", "object_repr": "Заказ #52 - Крючок брючный 10 мм. BRF10-202, цв. черный никель, 4 шипа, нерж. сталь. 1 000 компл. (1000 шт)", "action_flag": 3, "change_message": ""}}, {"model": "admin.logentry", "pk": 204, "fields": {"action_time": "2025-08-11T19:02:49.562Z", "user": 1, "content_type": 14, "object_id": "51", "object_repr": "Заказ #51 - Крючок брючный 10 мм. BRF10-202, цв. черный никель, 4 шипа, нерж. сталь. 1 000 компл. (1000 шт)", "action_flag": 3, "change_message": ""}}, {"model": "admin.logentry", "pk": 205, "fields": {"action_time": "2025-08-11T19:02:49.562Z", "user": 1, "content_type": 14, "object_id": "50", "object_repr": "Заказ #50 - Крючок брючный 10 мм. BRF10-202, цв. черный никель, 4 шипа, нерж. сталь. 1 000 компл. (3000 шт)", "action_flag": 3, "change_message": ""}}, {"model": "admin.logentry", "pk": 206, "fields": {"action_time": "2025-08-11T19:02:49.562Z", "user": 1, "content_type": 14, "object_id": "49", "object_repr": "Заказ #49 - Крючок брючный 10 мм. BRF10-202, цв. черный никель, 4 шипа, нерж. сталь. 1 000 компл. (3000 шт)", "action_flag": 3, "change_message": ""}}, {"model": "admin.logentry", "pk": 207, "fields": {"action_time": "2025-08-11T19:02:49.562Z", "user": 1, "content_type": 14, "object_id": "48", "object_repr": "Заказ #48 - Крючок брючный 10 мм. BRF10-202, цв. черный никель, 4 шипа, нерж. сталь. 1 000 компл. (3000 шт)", "action_flag": 3, "change_message": ""}}, {"model": "admin.logentry", "pk": 208, "fields": {"action_time": "2025-08-11T19:02:49.562Z", "user": 1, "content_type": 14, "object_id": "47", "object_repr": "Заказ #47 - Крючок брючный 10 мм. BRF10-201, цв. никель,  4 шипа, нерж. сталь. 1 000 компл. (3000 шт)", "action_flag": 3, "change_message": ""}}, {"model": "admin.logentry", "pk": 209, "fields": {"action_time": "2025-08-11T19:02:49.562Z", "user": 1, "content_type": 14, "object_id": "46", "object_repr": "Заказ #46 - Крючок брючный 10 мм. BRF10-202, цв. черный никель, 4 шипа, нерж. сталь. 1 000 компл. (1000 шт)", "action_flag": 3, "change_message": ""}}, {"model": "admin.logentry", "pk": 210, "fields": {"action_time": "2025-08-11T19:02:49.562Z", "user": 1, "content_type": 14, "object_id": "45", "object_repr": "Заказ #45 - Крючок брючный 10 мм. BRF10-202, цв. черный никель, 4 шипа, нерж. сталь. 1 000 компл. (5000 шт)", "action_flag": 3, "change_message": ""}}, {"model": "admin.logentry", "pk": 211, "fields": {"action_time": "2025-08-11T19:02:49.562Z", "user": 1, "content_type": 14, "object_id": "44", "object_repr": "Заказ #44 - Крючок брючный 10 мм. BRF10-202, цв. черный никель, 4 шипа, нерж. сталь. 1 000 компл. (3000 шт)", "action_flag": 3, "change_message": ""}}, {"model": "admin.logentry", "pk": 212, "fields": {"action_time": "2025-08-11T19:02:49.562Z", "user": 1, "content_type": 14, "object_id": "43", "object_repr": "Заказ #43 - Крючок брючный 10 мм. BRF10-201, цв. никель,  4 шипа, нерж. сталь. 1 000 компл. (1000 шт)", "action_flag": 3, "change_message": ""}}, {"model": "admin.logentry", "pk": 213, "fields": {"action_time": "2025-08-11T19:02:49.562Z", "user": 1, "content_type": 14, "object_id": "42", "object_repr": "Заказ #42 - Крючок брючный 10 мм. BRF10-202, цв. черный никель, 4 шипа, нерж. сталь. 1 000 компл. (1000 шт)", "action_flag": 3, "change_message": ""}}, {"model": "admin.logentry", "pk": 214, "fields": {"action_time": "2025-08-11T19:02:49.562Z", "user": 1, "content_type": 14, "object_id": "41", "object_repr": "Заказ #41 - Крючок брючный 10 мм. BRF10-202, цв. черный никель, 4 шипа, нерж. сталь. 1 000 компл. (1000 шт)", "action_flag": 3, "change_message": ""}}, {"model": "admin.logentry", "pk": 215, "fields": {"action_time": "2025-08-11T19:02:49.562Z", "user": 1, "content_type": 14, "object_id": "40", "object_repr": "Заказ #40 - Крючок брючный 10 мм. BRF10-201, цв. никель,  4 шипа, нерж. сталь. 1 000 компл. (1000 шт)", "action_flag": 3, "change_message": ""}}, {"model": "admin.logentry", "pk": 216, "fields": {"action_time": "2025-08-11T19:02:49.562Z", "user": 1, "content_type": 14, "object_id": "39", "object_repr": "Заказ #39 - Крючок брючный 10 мм. BRF10-201, цв. никель,  4 шипа, нерж. сталь. 1 000 компл. (5000 шт)", "action_flag": 3, "change_message": ""}}, {"model": "admin.logentry", "pk": 217, "fields": {"action_time": "2025-08-11T19:02:49.562Z", "user": 1, "content_type": 14, "object_id": "38", "object_repr": "Заказ #38 - Крючок брючный 10 мм. BRF10-202, цв. черный никель, 4 шипа, нерж. сталь. 1 000 компл. (1000 шт)", "action_flag": 3, "change_message": ""}}, {"model": "admin.logentry", "pk": 218, "fields": {"action_time": "2025-08-11T19:02:49.562Z", "user": 1, "content_type": 14, "object_id": "37", "object_repr": "Заказ #37 - Крючок брючный 10 мм. BRF10-201, цв. никель,  4 шипа, нерж. сталь. 1 000 компл. (3000 шт)", "action_flag": 3, "change_message": ""}}, {"model": "admin.logentry", "pk": 219, "fields": {"action_time": "2025-08-11T19:02:49.562Z", "user": 1, "content_type": 14, "object_id": "36", "object_repr": "Заказ #36 - Крючок брючный 10 мм. BRF10-201, цв. никель,  4 шипа, нерж. сталь. 1 000 компл. (3000 шт)", "action_flag": 3, "change_message": ""}}, {"model": "admin.logentry", "pk": 220, "fields": {"action_time": "2025-08-11T19:02:49.562Z", "user": 1, "content_type": 14, "object_id": "35", "object_repr": "Заказ #35 - Крючок брючный 10 мм. BRF10-201, цв. никель,  4 шипа, нерж. сталь. 1 000 компл. (3000 шт)", "action_flag": 3, "change_message": ""}}, {"model": "admin.logentry", "pk": 221, "fields": {"action_time": "2025-08-11T19:02:49.562Z", "user": 1, "content_type": 14, "object_id": "34", "object_repr": "Заказ #34 - Крючок брючный 10 мм. BRF10-202, цв. черный никель, 4 шипа, нерж. сталь. 1 000 компл. (4000 шт)", "action_flag": 3, "change_message": ""}}, {"model": "admin.logentry", "pk": 222, "fields": {"action_time": "2025-08-11T19:02:49.562Z", "user": 1, "content_type": 14, "object_id": "33", "object_repr": "Заказ #33 - Крючок брючный 10 мм. BRF10-202, цв. черный никель, 4 шипа, нерж. сталь. 1 000 компл. (5000 шт)", "action_flag": 3, "change_message": ""}}, {"model": "admin.logentry", "pk": 223, "fields": {"action_time": "2025-08-11T19:02:49.562Z", "user": 1, "content_type": 14, "object_id": "32", "object_repr": "Заказ #32 - Пресс TEP-2 Mikron (4 шт)", "action_flag": 3, "change_message": ""}}, {"model": "admin.logentry", "pk": 224, "fields": {"action_time": "2025-08-11T19:02:49.562Z", "user": 1, "content_type": 14, "object_id": "31", "object_repr": "Заказ #31 - Крючок брючный 10 мм. BRF10-202, цв. черный никель, 4 шипа, нерж. сталь. 1 000 компл. (4000 шт)", "action_flag": 3, "change_message": ""}}, {"model": "admin.logentry", "pk": 225, "fields": {"action_time": "2025-08-11T19:02:49.562Z", "user": 1, "content_type": 14, "object_id": "30", "object_repr": "Заказ #30 - Крючок брючный 10 мм. BRF10-203, цв. бронза антик, 4 шипа, нерж. сталь. 1 000 компл. (4000 шт)", "action_flag": 3, "change_message": ""}}, {"model": "admin.logentry", "pk": 226, "fields": {"action_time": "2025-08-11T19:02:49.562Z", "user": 1, "content_type": 14, "object_id": "29", "object_repr": "Заказ #29 - Крючок брючный 10 мм. BRF10-202, цв. черный никель, 4 шипа, нерж. сталь. 1 000 компл. (5000 шт)", "action_flag": 3, "change_message": ""}}, {"model": "admin.logentry", "pk": 227, "fields": {"action_time": "2025-08-11T19:02:49.562Z", "user": 1, "content_type": 14, "object_id": "28", "object_repr": "Заказ #28 - Комплект насадок для установки крючка брючного BRF10-200 (3 к-т)", "action_flag": 3, "change_message": ""}}, {"model": "admin.logentry", "pk": 228, "fields": {"action_time": "2025-08-11T19:02:49.562Z", "user": 1, "content_type": 14, "object_id": "27", "object_repr": "Заказ #27 - Крючок брючный 10 мм. BRF10-202, цв. черный никель, 4 шипа, нерж. сталь. 1 000 компл. (5000 шт)", "action_flag": 3, "change_message": ""}}, {"model": "admin.logentry", "pk": 229, "fields": {"action_time": "2025-08-11T19:02:49.562Z", "user": 1, "content_type": 14, "object_id": "26", "object_repr": "Заказ #26 - Крючок брючный 10 мм. BRF10-202, цв. черный никель, 4 шипа, нерж. сталь. 1 000 компл. (5000 шт)", "action_flag": 3, "change_message": ""}}, {"model": "admin.logentry", "pk": 230, "fields": {"action_time": "2025-08-11T19:02:49.562Z", "user": 1, "content_type": 14, "object_id": "25", "object_repr": "Заказ #25 - Крючок брючный 10 мм. BRF10-202, цв. черный никель, 4 шипа, нерж. сталь. 1 000 компл. (4000 шт)", "action_flag": 3, "change_message": ""}}, {"model": "admin.logentry", "pk": 231, "fields": {"action_time": "2025-08-11T19:02:49.562Z", "user": 1, "content_type": 14, "object_id": "24", "object_repr": "Заказ #24 - Крючок брючный 10 мм. BRF10-202, цв. черный никель, 4 шипа, нерж. сталь. 1 000 компл. (5000 шт)", "action_flag": 3, "change_message": ""}}, {"model": "admin.logentry", "pk": 232, "fields": {"action_time": "2025-08-11T19:02:49.562Z", "user": 1, "content_type": 14, "object_id": "23", "object_repr": "Заказ #23 - Крючок брючный 10 мм. BRF10-202, цв. черный никель, 4 шипа, нерж. сталь. 1 000 компл. (4000 шт)", "action_flag": 3, "change_message": ""}}, {"model": "admin.logentry", "pk": 233, "fields": {"action_time": "2025-08-11T19:02:49.562Z", "user": 1, "content_type": 14, "object_id": "22", "object_repr": "Заказ #22 - Крючок брючный 10 мм. BRF10-202, цв. черный никель, 4 шипа, нерж. сталь. 1 000 компл. (4000 шт)", "action_flag": 3, "change_message": ""}}, {"model": "admin.logentry", "pk": 234, "fields": {"action_time": "2025-08-11T19:02:49.562Z", "user": 1, "content_type": 14, "object_id": "21", "object_repr": "Заказ #21 - Крючок брючный 10 мм. BRF10-202, цв. черный никель, 4 шипа, нерж. сталь. 1 000 компл. (4000 шт)", "action_flag": 3, "change_message": ""}}, {"model": "admin.logentry", "pk": 235, "fields": {"action_time": "2025-08-11T19:02:49.562Z", "user": 1, "content_type": 14, "object_id": "20", "object_repr": "Заказ #20 - Крючок брючный 10 мм. BRF10-202, цв. черный никель, 4 шипа, нерж. сталь. 1 000 компл. (4000 шт)", "action_flag": 3, "change_message": ""}}, {"model": "admin.logentry", "pk": 236, "fields": {"action_time": "2025-08-11T19:02:49.562Z", "user": 1, "content_type": 14, "object_id": "19", "object_repr": "Заказ #19 - Крючок брючный 10 мм. BRF10-202, цв. черный никель, 4 шипа, нерж. сталь. 1 000 компл. (3000 шт)", "action_flag": 3, "change_message": ""}}, {"model": "admin.logentry", "pk": 237, "fields": {"action_time": "2025-08-11T19:02:49.562Z", "user": 1, "content_type": 14, "object_id": "18", "object_repr": "Заказ #18 - Крючок брючный 10 мм. BRF10-202, цв. черный никель, 4 шипа, нерж. сталь. 1 000 компл. (3000 шт)", "action_flag": 3, "change_message": ""}}, {"model": "admin.logentry", "pk": 238, "fields": {"action_time": "2025-08-11T19:02:49.562Z", "user": 1, "content_type": 14, "object_id": "17", "object_repr": "Заказ #17 - Крючок брючный 10 мм. BRF10-202, цв. черный никель, 4 шипа, нерж. сталь. 1 000 компл. (3000 шт)", "action_flag": 3, "change_message": ""}}, {"model": "admin.logentry", "pk": 239, "fields": {"action_time": "2025-08-11T19:02:49.562Z", "user": 1, "content_type": 14, "object_id": "16", "object_repr": "Заказ #16 - Крючок брючный 10 мм. BRF10-202, цв. черный никель, 4 шипа, нерж. сталь. 1 000 компл. (4000 шт)", "action_flag": 3, "change_message": ""}}, {"model": "admin.logentry", "pk": 240, "fields": {"action_time": "2025-08-11T19:02:49.562Z", "user": 1, "content_type": 14, "object_id": "15", "object_repr": "Заказ #15 - Крючок брючный 10 мм. BRF10-202, цв. черный никель, 4 шипа, нерж. сталь. 1 000 компл. (4000 шт)", "action_flag": 3, "change_message": ""}}, {"model": "admin.logentry", "pk": 241, "fields": {"action_time": "2025-08-11T19:02:49.562Z", "user": 1, "content_type": 14, "object_id": "14", "object_repr": "Заказ #14 - Крючок брючный 10 мм. BRF10-202, цв. черный никель, 4 шипа, нерж. сталь. 1 000 компл. (4000 шт)", "action_flag": 3, "change_message": ""}}, {"model": "admin.logentry", "pk": 242, "fields": {"action_time": "2025-08-11T19:02:49.562Z", "user": 1, "content_type": 14, "object_id": "13", "object_repr": "Заказ #13 - Крючок брючный 10 мм. BRF10-202, цв. черный никель, 4 шипа, нерж. сталь. 1 000 компл. (3000 шт)", "action_flag": 3, "change_message": ""}}, {"model": "admin.logentry", "pk": 243, "fields": {"action_time": "2025-08-11T19:02:49.562Z", "user": 1, "content_type": 14, "object_id": "12", "object_repr": "Заказ #12 - Крючок брючный 10 мм. BRF10-202, цв. черный никель, 4 шипа, нерж. сталь. 1 000 компл. (4000 шт)", "action_flag": 3, "change_message": ""}}, {"model": "admin.logentry", "pk": 244, "fields": {"action_time": "2025-08-11T19:02:49.562Z", "user": 1, "content_type": 14, "object_id": "11", "object_repr": "Заказ #11 - Крючок брючный 10 мм. BRF10-202, цв. черный никель, 4 шипа, нерж. сталь. 1 000 компл. (4000 шт)", "action_flag": 3, "change_message": ""}}, {"model": "admin.logentry", "pk": 245, "fields": {"action_time": "2025-08-11T19:02:49.562Z", "user": 1, "content_type": 14, "object_id": "10", "object_repr": "Заказ #10 - Крючок брючный 10 мм. BRF10-202, цв. черный никель, 4 шипа, нерж. сталь. 1 000 компл. (4000 шт)", "action_flag": 3, "change_message": ""}}, {"model": "admin.logentry", "pk": 246, "fields": {"action_time": "2025-08-11T19:02:49.562Z", "user": 1, "content_type": 14, "object_id": "9", "object_repr": "Заказ #9 - Крючок брючный 10 мм. BRF10-202, цв. черный никель, 4 шипа, нерж. сталь. 1 000 компл. (5000 шт)", "action_flag": 3, "change_message": ""}}, {"model": "admin.logentry", "pk": 247, "fields": {"action_time": "2025-08-11T19:02:49.562Z", "user": 1, "content_type": 14, "object_id": "8", "object_repr": "Заказ #8 - Крючок брючный 10 мм. BRF10-202, цв. черный никель, 4 шипа, нерж. сталь. 1 000 компл. (1000 шт)", "action_flag": 3, "change_message": ""}}, {"model": "admin.logentry", "pk": 248, "fields": {"action_time": "2025-08-11T19:02:49.562Z", "user": 1, "content_type": 14, "object_id": "7", "object_repr": "Заказ #7 - Комплект насадок для установки крючка брючного BRF10-200 (3 к-т)", "action_flag": 3, "change_message": ""}}, {"model": "admin.logentry", "pk": 249, "fields": {"action_time": "2025-08-11T19:02:49.563Z", "user": 1, "content_type": 14, "object_id": "6", "object_repr": "Заказ #6 - Крючок брючный 10 мм. BRF10-202, цв. черный никель, 4 шипа, нерж. сталь. 1 000 компл. (4000 шт)", "action_flag": 3, "change_message": ""}}, {"model": "admin.logentry", "pk": 250, "fields": {"action_time": "2025-08-11T19:02:49.563Z", "user": 1, "content_type": 14, "object_id": "5", "object_repr": "Заказ #5 - Крючок брючный 10 мм. BRF10-202, цв. черный никель, 4 шипа, нерж. сталь. 1 000 компл. (1000 шт)", "action_flag": 3, "change_message": ""}}, {"model": "admin.logentry", "pk": 251, "fields": {"action_time": "2025-08-11T19:02:49.563Z", "user": 1, "content_type": 14, "object_id": "4", "object_repr": "Заказ #4 - Крючок брючный 10 мм. BRF10-202, цв. черный никель, 4 шипа, нерж. сталь. 1 000 компл. (1000 шт)", "action_flag": 3, "change_message": ""}}, {"model": "admin.logentry", "pk": 252, "fields": {"action_time": "2025-08-11T19:02:49.563Z", "user": 1, "content_type": 14, "object_id": "3", "object_repr": "Заказ #3 - Крючок брючный 10 мм. BRF10-202, цв. черный никель, 4 шипа, нерж. сталь. 1 000 компл. (3000 шт)", "action_flag": 3, "change_message": ""}}, {"model": "admin.logentry", "pk": 253, "fields": {"action_time": "2025-08-11T19:02:49.563Z", "user": 1, "content_type": 14, "object_id": "2", "object_repr": "Заказ #2 - Крючок брючный 10 мм. BRF10-202, цв. черный никель, 4 шипа, нерж. сталь. 1 000 компл. (3000 шт)", "action_flag": 3, "change_message": ""}}, {"model": "admin.logentry", "pk": 254, "fields": {"action_time": "2025-08-11T19:02:49.563Z", "user": 1, "content_type": 14, "object_id": "1", "object_repr": "Заказ #1 - Крючок брючный 10 мм. BRF10-202, цв. черный никель, 4 шипа, нерж. сталь. 1 000 компл. (3000 шт)", "action_flag": 3, "change_message": ""}}, {"model": "admin.logentry", "pk": 255, "fields": {"action_time": "2025-08-11T19:04:24.824Z", "user": 1, "content_type": 15, "object_id": "9", "object_repr": "Комплект насадок для установки крючка брючного BRF10-200 для Gutos D-75245 Neulingen 197мм/165мм", "action_flag": 2, "change_message": "[{\"changed\": {\"fields\": [\"\\u041e\\u0441\\u043d\\u043e\\u0432\\u043d\\u043e\\u0435 \\u0438\\u0437\\u043e\\u0431\\u0440\\u0430\\u0436\\u0435\\u043d\\u0438\\u0435\", \"\\u0415\\u0434\\u0438\\u043d\\u0438\\u0446\\u0430 \\u0438\\u0437\\u043c\\u0435\\u0440\\u0435\\u043d\\u0438\\u044f\"]}}]"}}, {"model": "admin.logentry", "pk": 256, "fields": {"action_time": "2025-08-11T19:04:50.715Z", "user": 1, "content_type": 15, "object_id": "4", "object_repr": "Комплект насадок для установки крючка брючного BRF10-200 для Gutos D-75245 Neulingen 161мм/164мм", "action_flag": 2, "change_message": "[{\"changed\": {\"fields\": [\"\\u041e\\u0441\\u043d\\u043e\\u0432\\u043d\\u043e\\u0435 \\u0438\\u0437\\u043e\\u0431\\u0440\\u0430\\u0436\\u0435\\u043d\\u0438\\u0435\"]}}]"}}, {"model": "admin.logentry", "pk": 257, "fields": {"action_time": "2025-08-11T19:06:51.719Z", "user": 1, "content_type": 15, "object_id": "10", "object_repr": "Крючок брючный 10 мм. BRF10-206, цв. никель, рамка, 4 шипа, металл. 1 000 компл.", "action_flag": 2, "change_message": "[{\"changed\": {\"fields\": [\"\\u041e\\u043f\\u0438\\u0441\\u0430\\u043d\\u0438\\u0435\"]}}]"}}, {"model": "admin.logentry", "pk": 258, "fields": {"action_time": "2025-08-11T19:12:43.642Z", "user": 1, "content_type": 15, "object_id": "10", "object_repr": "Крючок брючный 10 мм. BRF10-206, цв. никель, рамка, 4 шипа, металл. 1 000 компл.", "action_flag": 2, "change_message": "[{\"changed\": {\"fields\": [\"\\u041e\\u043f\\u0438\\u0441\\u0430\\u043d\\u0438\\u0435\"]}}]"}}, {"model": "admin.logentry", "pk": 259, "fields": {"action_time": "2025-08-11T19:13:33.254Z", "user": 1, "content_type": 15, "object_id": "10", "object_repr": "Крючок брючный 10 мм. BRF10-206, цв. никель, рамка, 4 шипа, металл. 1 000 компл.", "action_flag": 2, "change_message": "[{\"changed\": {\"fields\": [\"\\u041e\\u043f\\u0438\\u0441\\u0430\\u043d\\u0438\\u0435\"]}}]"}}, {"model": "admin.logentry", "pk": 260, "fields": {"action_time": "2025-08-12T11:41:15.292Z", "user": 1, "content_type": 15, "object_id": "4", "object_repr": "Комплект насадок для установки крючка брючного BRF10-200 для Gutos D-75245 Neulingen 161мм/164мм", "action_flag": 2, "change_message": "[{\"changed\": {\"fields\": [\"\\u041e\\u0441\\u043d\\u043e\\u0432\\u043d\\u043e\\u0435 \\u0438\\u0437\\u043e\\u0431\\u0440\\u0430\\u0436\\u0435\\u043d\\u0438\\u0435\"]}}]"}}, {"model": "admin.logentry", "pk": 261, "fields": {"action_time": "2025-08-12T11:41:27.244Z", "user": 1, "content_type": 15, "object_id": "9", "object_repr": "Комплект насадок для установки крючка брючного BRF10-200 для Gutos D-75245 Neulingen 197мм/165мм", "action_flag": 2, "change_message": "[{\"changed\": {\"fields\": [\"\\u041e\\u0441\\u043d\\u043e\\u0432\\u043d\\u043e\\u0435 \\u0438\\u0437\\u043e\\u0431\\u0440\\u0430\\u0436\\u0435\\u043d\\u0438\\u0435\"]}}]"}}, {"model": "auth.permission", "pk": 1, "fields": {"name": "Can add log entry", "content_type": 1, "codename": "add_logentry"}}, {"model": "auth.permission", "pk": 2, "fields": {"name": "Can change log entry", "content_type": 1, "codename": "change_logentry"}}, {"model": "auth.permission", "pk": 3, "fields": {"name": "Can delete log entry", "content_type": 1, "codename": "delete_logentry"}}, {"model": "auth.permission", "pk": 4, "fields": {"name": "Can view log entry", "content_type": 1, "codename": "view_logentry"}}, {"model": "auth.permission", "pk": 5, "fields": {"name": "Can add permission", "content_type": 2, "codename": "add_permission"}}, {"model": "auth.permission", "pk": 6, "fields": {"name": "Can change permission", "content_type": 2, "codename": "change_permission"}}, {"model": "auth.permission", "pk": 7, "fields": {"name": "Can delete permission", "content_type": 2, "codename": "delete_permission"}}, {"model": "auth.permission", "pk": 8, "fields": {"name": "Can view permission", "content_type": 2, "codename": "view_permission"}}, {"model": "auth.permission", "pk": 9, "fields": {"name": "Can add group", "content_type": 3, "codename": "add_group"}}, {"model": "auth.permission", "pk": 10, "fields": {"name": "Can change group", "content_type": 3, "codename": "change_group"}}, {"model": "auth.permission", "pk": 11, "fields": {"name": "Can delete group", "content_type": 3, "codename": "delete_group"}}, {"model": "auth.permission", "pk": 12, "fields": {"name": "Can view group", "content_type": 3, "codename": "view_group"}}, {"model": "auth.permission", "pk": 13, "fields": {"name": "Can add user", "content_type": 4, "codename": "add_user"}}, {"model": "auth.permission", "pk": 14, "fields": {"name": "Can change user", "content_type": 4, "codename": "change_user"}}, {"model": "auth.permission", "pk": 15, "fields": {"name": "Can delete user", "content_type": 4, "codename": "delete_user"}}, {"model": "auth.permission", "pk": 16, "fields": {"name": "Can view user", "content_type": 4, "codename": "view_user"}}, {"model": "auth.permission", "pk": 17, "fields": {"name": "Can add content type", "content_type": 5, "codename": "add_contenttype"}}, {"model": "auth.permission", "pk": 18, "fields": {"name": "Can change content type", "content_type": 5, "codename": "change_contenttype"}}, {"model": "auth.permission", "pk": 19, "fields": {"name": "Can delete content type", "content_type": 5, "codename": "delete_contenttype"}}, {"model": "auth.permission", "pk": 20, "fields": {"name": "Can view content type", "content_type": 5, "codename": "view_contenttype"}}, {"model": "auth.permission", "pk": 21, "fields": {"name": "Can add session", "content_type": 6, "codename": "add_session"}}, {"model": "auth.permission", "pk": 22, "fields": {"name": "Can change session", "content_type": 6, "codename": "change_session"}}, {"model": "auth.permission", "pk": 23, "fields": {"name": "Can delete session", "content_type": 6, "codename": "delete_session"}}, {"model": "auth.permission", "pk": 24, "fields": {"name": "Can view session", "content_type": 6, "codename": "view_session"}}, {"model": "auth.permission", "pk": 25, "fields": {"name": "Can add Категория", "content_type": 7, "codename": "add_category"}}, {"model": "auth.permission", "pk": 26, "fields": {"name": "Can change Категория", "content_type": 7, "codename": "change_category"}}, {"model": "auth.permission", "pk": 27, "fields": {"name": "Can delete Категория", "content_type": 7, "codename": "delete_category"}}, {"model": "auth.permission", "pk": 28, "fields": {"name": "Can view Категория", "content_type": 7, "codename": "view_category"}}, {"model": "auth.permission", "pk": 29, "fields": {"name": "Can add lead", "content_type": 8, "codename": "add_lead"}}, {"model": "auth.permission", "pk": 30, "fields": {"name": "Can change lead", "content_type": 8, "codename": "change_lead"}}, {"model": "auth.permission", "pk": 31, "fields": {"name": "Can delete lead", "content_type": 8, "codename": "delete_lead"}}, {"model": "auth.permission", "pk": 32, "fields": {"name": "Can view lead", "content_type": 8, "codename": "view_lead"}}, {"model": "auth.permission", "pk": 33, "fields": {"name": "Can add Заказ", "content_type": 9, "codename": "add_order"}}, {"model": "auth.permission", "pk": 34, "fields": {"name": "Can change Заказ", "content_type": 9, "codename": "change_order"}}, {"model": "auth.permission", "pk": 35, "fields": {"name": "Can delete Заказ", "content_type": 9, "codename": "delete_order"}}, {"model": "auth.permission", "pk": 36, "fields": {"name": "Can view Заказ", "content_type": 9, "codename": "view_order"}}, {"model": "auth.permission", "pk": 37, "fields": {"name": "Can add Товар", "content_type": 10, "codename": "add_product"}}, {"model": "auth.permission", "pk": 38, "fields": {"name": "Can change Товар", "content_type": 10, "codename": "change_product"}}, {"model": "auth.permission", "pk": 39, "fields": {"name": "Can delete Товар", "content_type": 10, "codename": "delete_product"}}, {"model": "auth.permission", "pk": 40, "fields": {"name": "Can view Товар", "content_type": 10, "codename": "view_product"}}, {"model": "auth.permission", "pk": 41, "fields": {"name": "Can add Отзыв", "content_type": 11, "codename": "add_review"}}, {"model": "auth.permission", "pk": 42, "fields": {"name": "Can change Отзыв", "content_type": 11, "codename": "change_review"}}, {"model": "auth.permission", "pk": 43, "fields": {"name": "Can delete Отзыв", "content_type": 11, "codename": "delete_review"}}, {"model": "auth.permission", "pk": 44, "fields": {"name": "Can view Отзыв", "content_type": 11, "codename": "view_review"}}, {"model": "auth.permission", "pk": 45, "fields": {"name": "Can add Категория", "content_type": 12, "codename": "add_category"}}, {"model": "auth.permission", "pk": 46, "fields": {"name": "Can change Категория", "content_type": 12, "codename": "change_category"}}, {"model": "auth.permission", "pk": 47, "fields": {"name": "Can delete Категория", "content_type": 12, "codename": "delete_category"}}, {"model": "auth.permission", "pk": 48, "fields": {"name": "Can view Категория", "content_type": 12, "codename": "view_category"}}, {"model": "auth.permission", "pk": 49, "fields": {"name": "Can add lead", "content_type": 13, "codename": "add_lead"}}, {"model": "auth.permission", "pk": 50, "fields": {"name": "Can change lead", "content_type": 13, "codename": "change_lead"}}, {"model": "auth.permission", "pk": 51, "fields": {"name": "Can delete lead", "content_type": 13, "codename": "delete_lead"}}, {"model": "auth.permission", "pk": 52, "fields": {"name": "Can view lead", "content_type": 13, "codename": "view_lead"}}, {"model": "auth.permission", "pk": 53, "fields": {"name": "Can add Заказ", "content_type": 14, "codename": "add_order"}}, {"model": "auth.permission", "pk": 54, "fields": {"name": "Can change Заказ", "content_type": 14, "codename": "change_order"}}, {"model": "auth.permission", "pk": 55, "fields": {"name": "Can delete Заказ", "content_type": 14, "codename": "delete_order"}}, {"model": "auth.permission", "pk": 56, "fields": {"name": "Can view Заказ", "content_type": 14, "codename": "view_order"}}, {"model": "auth.permission", "pk": 57, "fields": {"name": "Can add Товар", "content_type": 15, "codename": "add_product"}}, {"model": "auth.permission", "pk": 58, "fields": {"name": "Can change Товар", "content_type": 15, "codename": "change_product"}}, {"model": "auth.permission", "pk": 59, "fields": {"name": "Can delete Товар", "content_type": 15, "codename": "delete_product"}}, {"model": "auth.permission", "pk": 60, "fields": {"name": "Can view Товар", "content_type": 15, "codename": "view_product"}}, {"model": "auth.permission", "pk": 61, "fields": {"name": "Can add Отзыв", "content_type": 16, "codename": "add_review"}}, {"model": "auth.permission", "pk": 62, "fields": {"name": "Can change Отзыв", "content_type": 16, "codename": "change_review"}}, {"model": "auth.permission", "pk": 63, "fields": {"name": "Can delete Отзыв", "content_type": 16, "codename": "delete_review"}}, {"model": "auth.permission", "pk": 64, "fields": {"name": "Can view Отзыв", "content_type": 16, "codename": "view_review"}}, {"model": "auth.permission", "pk": 65, "fields": {"name": "Can add order call back", "content_type": 13, "codename": "add_ordercallback"}}, {"model": "auth.permission", "pk": 66, "fields": {"name": "Can change order call back", "content_type": 13, "codename": "change_ordercallback"}}, {"model": "auth.permission", "pk": 67, "fields": {"name": "Can delete order call back", "content_type": 13, "codename": "delete_ordercallback"}}, {"model": "auth.permission", "pk": 68, "fields": {"name": "Can view order call back", "content_type": 13, "codename": "view_ordercallback"}}, {"model": "auth.user", "pk": 1, "fields": {"password": "pbkdf2_sha256$1000000$vXZdM0JeJZxGwsgWc7Jgf2$ZYWaP8OVB6v8Ln1IvEafn+t3lademPYwsdzgjAgxfKs=", "last_login": "2025-08-11T18:35:32.708Z", "is_superuser": true, "username": "admin", "first_name": "", "last_name": "", "email": "admin@example.com", "is_staff": true, "is_active": true, "date_joined": "2025-07-26T20:19:52.767Z", "groups": [], "user_permissions": []}}, {"model": "contenttypes.contenttype", "pk": 1, "fields": {"app_label": "admin", "model": "logentry"}}, {"model": "contenttypes.contenttype", "pk": 2, "fields": {"app_label": "auth", "model": "permission"}}, {"model": "contenttypes.contenttype", "pk": 3, "fields": {"app_label": "auth", "model": "group"}}, {"model": "contenttypes.contenttype", "pk": 4, "fields": {"app_label": "auth", "model": "user"}}, {"model": "contenttypes.contenttype", "pk": 5, "fields": {"app_label": "contenttypes", "model": "contenttype"}}, {"model": "contenttypes.contenttype", "pk": 6, "fields": {"app_label": "sessions", "model": "session"}}, {"model": "contenttypes.contenttype", "pk": 7, "fields": {"app_label": "shop", "model": "category"}}, {"model": "contenttypes.contenttype", "pk": 8, "fields": {"app_label": "shop", "model": "lead"}}, {"model": "contenttypes.contenttype", "pk": 9, "fields": {"app_label": "shop", "model": "order"}}, {"model": "contenttypes.contenttype", "pk": 10, "fields": {"app_label": "shop", "model": "product"}}, {"model": "contenttypes.contenttype", "pk": 11, "fields": {"app_label": "shop", "model": "review"}}, {"model": "contenttypes.contenttype", "pk": 12, "fields": {"app_label": "catalog", "model": "category"}}, {"model": "contenttypes.contenttype", "pk": 13, "fields": {"app_label": "catalog", "model": "ordercallback"}}, {"model": "contenttypes.contenttype", "pk": 14, "fields": {"app_label": "catalog", "model": "order"}}, {"model": "contenttypes.contenttype", "pk": 15, "fields": {"app_label": "catalog", "model": "product"}}, {"model": "contenttypes.contenttype", "pk": 16, "fields": {"app_label": "catalog", "model": "review"}}, {"model": "sessions.session", "pk": "6zyyywlzubqjznyd691u2ximahfq226r", "fields": {"session_data": ".eJxVjMsOwiAQRf-FtSFAebp07zeQGQakaiAp7cr479qkC93ec859sQjbWuM28hJnYmcm2el3Q0iP3HZAd2i3zlNv6zIj3xV-0MGvnfLzcrh_BxVG_dZgSGZSBVxSSZkirdETTl66IITwNqhsKUy2JCgqa4EahfWEEgHAWcneH-IwN-w:1uflNH:MMQANPptYZrYsku9E5AuO-wn-7iGWD7xz81NCz50_Uo", "expire_date": "2025-08-09T20:20:07.000Z"}}, {"model": "sessions.session", "pk": "8wpjad9bm9j2ruhjb7o1rnay2l9srfm8", "fields": {"session_data": ".eJxVjDsOwjAQBe_iGln-rZOlpM8ZrPUPB5AtxUmFuDuylALaNzPvzRwde3FHT5tbI7syyS6_m6fwTHWA-KB6bzy0um-r50PhJ-18aTG9bqf7d1Col1FPQZgsZhRTNNpnQkCvUBrIIQBCzAigvE3KU7LCqNkE0qgl6qiztOzzBd1vN4A:1ulXMq:C6tdDQ-bQY9lc3P0AsfenVhzs19CxtjRXsU6nea_vMM", "expire_date": "2025-08-25T18:35:32.711Z"}}, {"model": "sessions.session", "pk": "xqczu9ob5u25ohndn5logygg81i8i7el", "fields": {"session_data": ".eJxVjMsOwiAQRf-FtSFAebp07zeQGQakaiAp7cr479qkC93ec859sQjbWuM28hJnYmcm2el3Q0iP3HZAd2i3zlNv6zIj3xV-0MGvnfLzcrh_BxVG_dZgSGZSBVxSSZkirdETTl66IITwNqhsKUy2JCgqa4EahfWEEgHAWcneH-IwN-w:1ug74J:wZJLYHa04mKt8kCQxt96j5leRBSZeFSDvRrmKQ2XiGM", "expire_date": "2025-08-10T19:29:59.184Z"}}, {"model": "catalog.category", "pk": 1, "fields": {"name": "Брючные крючки", "slug": "trouser_hooks", "image": "", "description": "Крючки брючные используются для фиксирования изделий одежды на фигуре человека и являются дополнением к застежке молнии"}}, {"model": "catalog.category", "pk": 2, "fields": {"name": "Набор насадок", "slug": "press_attachment_set", "image": "", "description": "Пуансо́н  — одна из основных деталей инструмента, используемого при маркировке, штамповке и прессовании материалов, например прессовании металлов в металлообработке."}}, {"model": "catalog.category", "pk": 3, "fields": {"name": "Ручные прессы", "slug": "manual_presses", "image": "", "description": "Пресс предназначен для установки брючного крючка на изделие"}}, {"model": "catalog.product", "pk": 1, "fields": {"category": 1, "name": "Крючок брючный 10 мм. BRF10-201, цв. никель,  4 шипа, нерж. сталь. 1 000 компл.", "article": "BRF10-201", "price": "6.50", "description": "Материал - нержавеющая сталь, которая никогда не оставит следа ржавчины на одежде. \r\nКрючок просто устанавливается, надёжно застёгивается. \r\nЦвет – никель.\r\nУстановочный комплект состоит из четырёх деталей. Каждая деталь упакована по 1 000 шт. в ПП - пакет.\r\nОбщий вес 1 000 комплектов 2,47 кг. \r\nУстанавливается крючок ручными инструментами, либо с помощью прессов.\r\nДля установки ручными или механизированными прессами применятся один из комплектов специальных насадок серии BRF10-200. \r\n**\r\nСерия крючков BRF10 изготавливаться из стали с анодированным покрытием и из нержавеющей стали. Поддерживается складские остатки в цветах: никель, чёрный никель, золото, антик бронза.\r\nВозможен выпуск крючков из других материалов и в разных цветах.\r\nВозможно изготовление комплекта насадок под оборудование заказчика.   \r\n**\r\nКрючок брючный, Крючок юбочный, Крючок на прокол, Крючок на пробой, Крючок установочный. \r\nВсё это разные названия крючка именно этого типа.", "image": "products/BRF10-201_Qab3aWs.jpg", "in_stock": true, "unit": "шт", "bulk_only": true, "bulk_quantity": 1000, "created_at": "2025-07-28T17:52:56.588Z", "updated_at": "2025-08-11T18:38:44.173Z"}}, {"model": "catalog.product", "pk": 2, "fields": {"category": 1, "name": "Крючок брючный 10 мм. BRF10-203, цв. бронза антик, 4 шипа, нерж. сталь. 1 000 компл.", "article": "BRF10-203", "price": "7.00", "description": "Материал - нержавеющая сталь, которая никогда не оставит следа ржавчины на одежде. \r\nКрючок просто устанавливается, надёжно застёгивается. \r\nЦвет – бронза антик.\r\nУстановочный комплект состоит из четырёх деталей. Каждая деталь упакована по 1 000 шт. в ПП - пакет.\r\nОбщий вес 1 000 комплектов 2,47 кг. \r\nУстанавливается крючок ручными инструментами, либо с помощью прессов.\r\nДля установки ручными или механизированными прессами применятся один из комплектов специальных насадок серии BRF10-200. \r\n**\r\nСерия крючков BRF10 изготавливаться из стали с анодированным покрытием и из нержавеющей стали. Поддерживается складские остатки в цветах: никель, чёрный никель, золото, антик бронза.\r\nВозможен выпуск крючков из других материалов и в разных цветах.\r\nВозможно изготовление комплекта насадок под оборудование заказчика.   \r\n**\r\nКрючок брючный, Крючок юбочный, Крючок на прокол, Крючок на пробой, Крючок установочный. \r\nВсё это разные названия крючка именно этого типа.", "image": "products/BRF10-203_ImmLAZT.jpg", "in_stock": true, "unit": "шт", "bulk_only": true, "bulk_quantity": 1000, "created_at": "2025-07-28T17:54:52.038Z", "updated_at": "2025-08-11T18:44:27.277Z"}}, {"model": "catalog.product", "pk": 3, "fields": {"category": 1, "name": "Крючок брючный 10 мм. BRF10-204, цв. золото, 4 шипа, нерж. сталь. 1 000 компл.", "article": "BRF10-204", "price": "7.60", "description": "Материал - нержавеющая сталь, которая никогда не оставит следа ржавчины на одежде. \r\nКрючок просто устанавливается, надёжно застёгивается. \r\nЦвет – золото.\r\nУстановочный комплект состоит из четырёх деталей. Каждая деталь упакована по 1 000 шт. в ПП - пакет.\r\nОбщий вес 1 000 комплектов 2,47 кг. \r\nУстанавливается крючок ручными инструментами, либо с помощью прессов.\r\nДля установки ручными или механизированными прессами применятся один из комплектов специальных насадок серии BRF10-200. \r\n**\r\nСерия крючков BRF10 изготавливаться из стали с анодированным покрытием и из нержавеющей стали. Поддерживается складские остатки в цветах: никель, чёрный никель, золото, антик бронза.\r\nВозможен выпуск крючков из других материалов и в разных цветах.\r\nВозможно изготовление комплекта насадок под оборудование заказчика.   \r\n**\r\nКрючок брючный, Крючок юбочный, Крючок на прокол, Крючок на пробой, Крючок установочный. \r\nВсё это разные названия крючка именно этого типа.", "image": "products/BRF10-204_HVtaQ6C.jpg", "in_stock": true, "unit": "шт", "bulk_only": true, "bulk_quantity": 1000, "created_at": "2025-07-28T17:55:43.893Z", "updated_at": "2025-08-11T18:43:59.429Z"}}, {"model": "catalog.product", "pk": 4, "fields": {"category": 2, "name": "Комплект насадок для установки крючка брючного BRF10-200 для Gutos D-75245 Neulingen 161мм/164мм", "article": "BRF10-253", "price": "11000.00", "description": "Основное предназначение – установка крючков серии BRF10-200 на пневматических прессах марки Gutos D-75245 Neulingen.\r\nВозможно применение для иных прессов, как механизированных, так и ручных. \r\nСостоит из четырёх деталей. \r\nДля всех видов крючков серии BRF10-200: \r\nBRF10-201, BRF10-202, BRF10-203, BRF10-204, BRF10-205, BRF10-206, BRF10-207.\r\nВозможно изготовление комплекта насадок под требования заказчика.\r\nПуансон для крючка, матрица для крючка, молды для крючка, болванка / язык для установки крючка.      \r\nВсё это разные названия такого типа комплекта насадок для установки крючка.", "image": "products/BRF10-253_VRCzAA5.jpg", "in_stock": true, "unit": "к-т", "bulk_only": false, "bulk_quantity": 1000, "created_at": "2025-07-28T17:58:02.148Z", "updated_at": "2025-08-12T11:41:15.289Z"}}, {"model": "catalog.product", "pk": 5, "fields": {"category": 2, "name": "Комплект насадок для установки крючка брючного BRF10-200", "article": "BRF10-251", "price": "7000.00", "description": "Состоит из четырёх деталей. \r\nПредназначен для установки всех видов крючков серии BRF10-200: \r\nBRF10-201, BRF10-202, BRF10-203, BRF10-204, BRF10-205, BRF10-206, BRF10-207.\r\n**\r\nПодходит для простых ручных прессов, например серии TEP-2 при небольших объемах работы.\r\nЛегко устанавливается на ручных ударных прессах, например аналоги серии DEP-2.   \r\nИдеально подходит для производственных пневматических и электрических прессов. \r\nРезьба верхних деталей подходит к механизмам турецкого производства.\r\nДля китайских прессов, скорее, потребуется переходник. \r\n**\r\nВозможно изготовление комплекта насадок под оборудование заказчика.\r\n**\r\nПуансон для крючка, матрица для крючка, молды для крючка.     \r\nВсё это разные названия комплекта насадок для установки крючка именно этого типа.", "image": "products/BRF10-251_i3n99n3.jpg", "in_stock": true, "unit": "к-т", "bulk_only": false, "bulk_quantity": 1000, "created_at": "2025-07-28T17:59:26.899Z", "updated_at": "2025-08-11T18:41:41.794Z"}}, {"model": "catalog.product", "pk": 6, "fields": {"category": 3, "name": "Пресс DEP-2 универсальный с ударным механизмом, 15 кг, PRESS", "article": "03-001", "price": "20235.00", "description": "Совестим с насадками для установки крючков BRF10-200.\r\nКак правило, рабочее место оборудуют парой прессов: \r\nна первом устанавливают и настраивают комплект насадок для установки крючка,\r\nна втором – комплект насадок для установки петли.\r\nПроизводительность может составить несколько сотен установок в смену.\r\n*\r\nDEP-2 это универсальный пресс для широкого спектра работ.\r\nНапример, для установки швейной фурнитуры: джинсовых пуговиц, кнопок, хольнитенов, люверсов. Для обтяжки пуговиц, или пробивания отверстий.", "image": "products/03-001_a366dep.jpg", "in_stock": true, "unit": "шт", "bulk_only": false, "bulk_quantity": 1000, "created_at": "2025-07-28T18:00:08.586Z", "updated_at": "2025-08-11T18:40:34.789Z"}}, {"model": "catalog.product", "pk": 7, "fields": {"category": 3, "name": "Пресс TEP-2 Mikron", "article": "03-002", "price": "2475.00", "description": "Совестим с насадками для установки крючков BRF10-200.\r\nПресс для работ с небольшой производственной нагрузкой, от единичных установок до нескольких десятков в день.  \r\nКак правило, рабочее место оборудуют парой прессов: \r\nна первом устанавливают и настраивают комплект насадок для установки крючка,\r\nна втором – комплект насадок для установки петли.\r\n*\r\nTEP-2 это универсальный пресс эконом-класса для разнообразных работ.\r\nНапример, для установки швейной фурнитуры: джинсовых пуговиц, кнопок, хольнитенов, люверсов. Для обтяжки пуговиц, или пробивания отверстий.", "image": "products/03-002_IgU24EN.jpg", "in_stock": true, "unit": "шт", "bulk_only": false, "bulk_quantity": 1000, "created_at": "2025-07-28T18:00:36.530Z", "updated_at": "2025-08-11T18:40:02.555Z"}}, {"model": "catalog.product", "pk": 8, "fields": {"category": 1, "name": "Крючок брючный 10 мм. BRF10-202, цв. черный никель, 4 шипа, нерж. сталь. 1 000 компл.", "article": "BRF10-202", "price": "7.00", "description": "Материал - нержавеющая сталь, которая никогда не оставит следа ржавчины на одежде. \r\nКрючок просто устанавливается, надёжно застёгивается. \r\nЦвет – чёрный никель.\r\nУстановочный комплект состоит из четырёх деталей. Каждая деталь упакована по 1 000 шт. в ПП - пакет.\r\nОбщий вес 1 000 комплектов 2,47 кг. \r\nУстанавливается крючок ручными инструментами, либо с помощью прессов.\r\nДля установки ручными или механизированными прессами применятся один из комплектов специальных насадок серии BRF10-200. \r\n**\r\nСерия крючков BRF10 изготавливаться из стали с анодированным покрытием и из нержавеющей стали. Поддерживается складские остатки в цветах: никель, чёрный никель, золото, антик бронза.\r\nВозможен выпуск крючков из других материалов и в разных цветах.\r\nВозможно изготовление комплекта насадок под оборудование заказчика.   \r\n**\r\nКрючок брючный, Крючок юбочный, Крючок на прокол, Крючок на пробой, Крючок установочный. \r\nВсё это разные названия крючка именно этого типа.", "image": "products/BRF10-202_TzVLE1w.jpg", "in_stock": true, "unit": "шт", "bulk_only": true, "bulk_quantity": 1000, "created_at": "2025-07-31T19:21:36.905Z", "updated_at": "2025-08-11T18:39:16.848Z"}}, {"model": "catalog.product", "pk": 9, "fields": {"category": 2, "name": "Комплект насадок для установки крючка брючного BRF10-200 для Gutos D-75245 Neulingen 197мм/165мм", "article": "BRF10-252", "price": "11000.00", "description": "Основное предназначение – установка крючков серии BRF10-200 на пневматических прессах марки Gutos D-75245 Neulingen.\r\nВозможно применение для иных прессов, как механизированных, так и ручных. \r\nСостоит из четырёх деталей. \r\nДля всех видов крючков серии BRF10-200: \r\nBRF10-201, BRF10-202, BRF10-203, BRF10-204, BRF10-205, BRF10-206, BRF10-207.\r\nВозможно изготовление комплекта насадок под требования заказчика.\r\nПуансон для крючка, матрица для крючка, молды для крючка, болванка / язык для установки крючка.      \r\nВсё это разные названия такого типа комплекта насадок для установки крючка.", "image": "products/BRF10-252_Kfiel0K.jpg", "in_stock": true, "unit": "к-т", "bulk_only": false, "bulk_quantity": 1000, "created_at": "2025-08-11T18:43:10.582Z", "updated_at": "2025-08-12T11:41:27.243Z"}}, {"model": "catalog.product", "pk": 10, "fields": {"category": 1, "name": "Крючок брючный 10 мм. BRF10-206, цв. никель, рамка, 4 шипа, металл. 1 000 компл.", "article": "BRF10-206", "price": "4.60", "description": "Материал – анодированная сталь. \r\nКрючок просто устанавливается, надёжно застёгивается. \r\nЦвет – никель. Форма язычка рамка.\r\nУстановочный комплект состоит из четырёх деталей. Каждая деталь упакована по 1 000 шт. в ПП - пакет.\r\nОбщий вес 1 000 комплектов 2,47 кг. \r\nУстанавливается крючок ручными инструментами, либо с помощью прессов.\r\nДля установки ручными или механизированными прессами применятся один из комплектов специальных насадок серии BRF10-200. \r\n**\r\nСерия крючков BRF10 изготавливаться из стали с анодированным покрытием и из нержавеющей стали. Поддерживается складские остатки в цветах: никель, чёрный никель, золото, антик бронза.\r\nВозможен выпуск крючков из других материалов и в разных цветах.\r\nВозможно изготовление комплекта насадок под оборудование заказчика.   \r\n**\r\nКрючок брючный, Крючок юбочный, Крючок на прокол, Крючок на пробой, Крючок установочный. \r\nВсё это разные названия крючка именно этого типа.", "image": "products/BRF10-206_BScDWqE.jpg", "in_stock": true, "unit": "шт", "bulk_only": true, "bulk_quantity": 1000, "created_at": "2025-08-11T19:00:16.608Z", "updated_at": "2025-08-11T19:13:33.252Z"}}, {"model": "catalog.ordercallback", "pk": 1, "fields": {"name": "Набор насадок", "phone": "+7 999 999 99 99", "email": "", "message": "", "created_at": "2025-07-27T09:28:48.920Z", "is_processed": false}}, {"model": "catalog.ordercallback", "pk": 2, "fields": {"name": "Набор насадок", "phone": "+7 999 999 49 99", "email": "", "message": "", "created_at": "2025-07-27T10:11:29.977Z", "is_processed": false}}, {"model": "catalog.ordercallback", "pk": 3, "fields": {"name": "Набор насадок", "phone": "+7 951 750-88-66", "email": "", "message": "", "created_at": "2025-07-27T10:45:31.703Z", "is_processed": false}}, {"model": "catalog.ordercallback", "pk": 4, "fields": {"name": "Королевское бритье опасной бритвой", "phone": "+7 999 999 49 99", "email": "", "message": "", "created_at": "2025-07-27T10:46:22.358Z", "is_processed": false}}, {"model": "catalog.ordercallback", "pk": 5, "fields": {"name": "Королевское бритье опасной бритвой", "phone": "+7 999 999 49 99", "email": "", "message": "", "created_at": "2025-07-27T10:49:15.036Z", "is_processed": false}}, {"model": "catalog.ordercallback", "pk": 6, "fields": {"name": "Эльдар 'Бритва' Рязанов", "phone": "+7 (951) 750-88-66", "email": "", "message": "", "created_at": "2025-07-27T10:49:37.351Z", "is_processed": false}}, {"model": "catalog.ordercallback", "pk": 7, "fields": {"name": "Эльдар 'Бритва' Рязанов", "phone": "+7 (951) 750-88-66", "email": "", "message": "", "created_at": "2025-07-27T10:50:22.113Z", "is_processed": false}}, {"model": "catalog.ordercallback", "pk": 8, "fields": {"name": "Королевское бритье опасной бритвой", "phone": "+7 999 999 49 99", "email": "", "message": "asdsad", "created_at": "2025-07-27T10:50:38.093Z", "is_processed": false}}, {"model": "catalog.ordercallback", "pk": 9, "fields": {"name": "Зоя 'Ножницы' Космодемьянская", "phone": "+7 951 750-88-66", "email": "", "message": "", "created_at": "2025-07-27T10:52:35.667Z", "is_processed": false}}, {"model": "catalog.ordercallback", "pk": 10, "fields": {"name": "Набор насадок", "phone": "+7 999 999 49 99", "email": "", "message": "", "created_at": "2025-07-27T11:00:54.538Z", "is_processed": false}}, {"model": "catalog.ordercallback", "pk": 11, "fields": {"name": "Королевское бритье опасной бритвой", "phone": "+7 999 999 49 99", "email": "", "message": "", "created_at": "2025-07-27T11:02:07.448Z", "is_processed": false}}, {"model": "catalog.ordercallback", "pk": 12, "fields": {"name": "Набор насадок", "phone": "+79517508862", "email": "", "message": "", "created_at": "2025-07-27T11:02:16.398Z", "is_processed": false}}, {"model": "catalog.ordercallback", "pk": 13, "fields": {"name": "Набор насадок", "phone": "+7 999 499 99 99ывпа", "email": "", "message": "", "created_at": "2025-07-27T11:04:06.796Z", "is_processed": false}}, {"model": "catalog.ordercallback", "pk": 14, "fields": {"name": "ыппыв", "phone": "пвапа", "email": "", "message": "", "created_at": "2025-07-27T11:04:24.693Z", "is_processed": false}}, {"model": "catalog.ordercallback", "pk": 15, "fields": {"name": "Королевское бритье опасной бритвой", "phone": "+7 999 999 49 99", "email": "", "message": "", "created_at": "2025-07-27T11:06:11.452Z", "is_processed": false}}, {"model": "catalog.ordercallback", "pk": 16, "fields": {"name": "ффф", "phone": "+7 951 750-88-66", "email": "", "message": "", "created_at": "2025-07-27T11:37:13.103Z", "is_processed": false}}, {"model": "catalog.ordercallback", "pk": 17, "fields": {"name": "фы", "phone": "фыафыа", "email": "", "message": "", "created_at": "2025-07-27T11:37:17.758Z", "is_processed": false}}, {"model": "catalog.ordercallback", "pk": 18, "fields": {"name": "Эльдар 'Бритва' Рязанов", "phone": "фвы", "email": "", "message": "", "created_at": "2025-07-27T11:38:22.450Z", "is_processed": false}}, {"model": "catalog.ordercallback", "pk": 19, "fields": {"name": "фы24", "phone": "фы", "email": "", "message": "", "created_at": "2025-07-27T11:38:26.850Z", "is_processed": false}}, {"model": "catalog.ordercallback", "pk": 20, "fields": {"name": "asasd", "phone": "+7 999 999 49 99as", "email": "", "message": "", "created_at": "2025-07-27T11:40:43.190Z", "is_processed": false}}, {"model": "catalog.ordercallback", "pk": 21, "fields": {"name": "Набор насадок", "phone": "ada", "email": "", "message": "", "created_at": "2025-07-27T11:41:31.207Z", "is_processed": false}}, {"model": "catalog.ordercallback", "pk": 22, "fields": {"name": "Королевское бритье опасной бритвой", "phone": "+7 999 999 49 99", "email": "", "message": "", "created_at": "2025-07-27T11:44:16.620Z", "is_processed": false}}, {"model": "catalog.ordercallback", "pk": 23, "fields": {"name": "ddd", "phone": "+7 951 750-88-66", "email": "", "message": "", "created_at": "2025-07-27T11:50:50.100Z", "is_processed": false}}, {"model": "catalog.ordercallback", "pk": 24, "fields": {"name": "Королевское бритье опасной бритвой", "phone": "+7 (999) 999-99-99", "email": "", "message": "", "created_at": "2025-07-27T12:29:08.338Z", "is_processed": false}}, {"model": "catalog.ordercallback", "pk": 25, "fields": {"name": "Набор насадок", "phone": "+7 (999) 999-99-99", "email": "", "message": "", "created_at": "2025-07-27T12:55:46.093Z", "is_processed": false}}, {"model": "catalog.ordercallback", "pk": 26, "fields": {"name": "Тест телеги", "phone": "+7 (951) 750-88-66", "email": "", "message": "", "created_at": "2025-07-27T12:56:21.051Z", "is_processed": false}}, {"model": "catalog.ordercallback", "pk": 27, "fields": {"name": "Набор насадок", "phone": "+7 (999) 999-99-99", "email": "", "message": "", "created_at": "2025-07-27T12:58:26.207Z", "is_processed": false}}, {"model": "catalog.ordercallback", "pk": 28, "fields": {"name": "Королевское бритье опасной бритвой", "phone": "+7 (951) 750-88-66", "email": "", "message": "", "created_at": "2025-07-27T13:00:39.996Z", "is_processed": false}}, {"model": "catalog.ordercallback", "pk": 29, "fields": {"name": "Королевское бритье опасной бритвой", "phone": "+7 (999) 999-49-99", "email": "", "message": "", "created_at": "2025-07-27T13:05:25.716Z", "is_processed": false}}, {"model": "catalog.ordercallback", "pk": 30, "fields": {"name": "Королевское бритье опасной бритвой", "phone": "+7 (951) 750-88-66", "email": "", "message": "", "created_at": "2025-07-27T13:05:48.005Z", "is_processed": false}}, {"model": "catalog.ordercallback", "pk": 31, "fields": {"name": "ывфыв", "phone": "+7 (951) 750-88-66", "email": "", "message": "", "created_at": "2025-07-27T13:06:57.792Z", "is_processed": false}}, {"model": "catalog.ordercallback", "pk": 32, "fields": {"name": "ьлют", "phone": "+7 (951) 750-88-66", "email": "", "message": "", "created_at": "2025-07-27T13:22:56.524Z", "is_processed": false}}, {"model": "catalog.ordercallback", "pk": 33, "fields": {"name": "фыфв", "phone": "+7 (951) 750-88-66", "email": "", "message": "", "created_at": "2025-07-27T13:34:51.091Z", "is_processed": false}}, {"model": "catalog.ordercallback", "pk": 34, "fields": {"name": "ывф", "phone": "+7 (999) 999-49-99", "email": "", "message": "", "created_at": "2025-07-27T13:39:02.156Z", "is_processed": false}}, {"model": "catalog.ordercallback", "pk": 35, "fields": {"name": "Королевское бритье опасной бритвой", "phone": "+7 (999) 999-49-99", "email": "", "message": "", "created_at": "2025-07-27T13:41:37.431Z", "is_processed": false}}, {"model": "catalog.ordercallback", "pk": 36, "fields": {"name": "Набор насадок", "phone": "+7 (999) 999-49-99", "email": "", "message": "", "created_at": "2025-07-27T13:42:58.424Z", "is_processed": false}}, {"model": "catalog.ordercallback", "pk": 37, "fields": {"name": "Эльдар 'Бритва' Рязанов", "phone": "+7 (951) 750-88-66", "email": "", "message": "", "created_at": "2025-07-27T13:49:24.797Z", "is_processed": false}}, {"model": "catalog.ordercallback", "pk": 38, "fields": {"name": "Эльдар 'Бритва' Рязанов", "phone": "+7 (951) 750-88-66", "email": "", "message": "", "created_at": "2025-07-27T13:55:01.802Z", "is_processed": false}}, {"model": "catalog.ordercallback", "pk": 39, "fields": {"name": "asdasd", "phone": "+7 (999) 999-49-99", "email": "", "message": "", "created_at": "2025-07-27T13:56:03.341Z", "is_processed": false}}, {"model": "catalog.ordercallback", "pk": 40, "fields": {"name": "Эльдар 'Бритва' Рязанов", "phone": "+7 (951) 750-88-66", "email": "", "message": "", "created_at": "2025-07-27T14:00:13.363Z", "is_processed": false}}]